Rank,Player,Position,Team,G,AB,R,H,2B,3B,HR,RBI,BB,SO,SB,CS,AVG,OBP,SLG,OPS,Check,HR_all,AB_all,AVG_all,OBP_all,OPS_all,Rank_all
8,CalRaleigh,DH,SEA,20,59,5,11,2,0,5,10,3,18,0,1,0.186,0.226,0.475,0.701,147,60,596,0.247,0.359,0.948,1
116,KyleSchwarber,DH,PHI,17,49,3,9,3,0,2,7,6,19,0,0,0.184,0.298,0.367,0.665,145,56,604,0.24,0.365,0.928,2
264,ShoheiOhtani,DH,LAD,10,23,4,7,3,0,1,2,4,7,0,0,0.304,0.407,0.565,0.972,172,55,611,0.282,0.392,1.014,3
264,AaronJudge,RF,NYY,14,33,5,4,1,0,1,5,7,18,0,0,0.121,0.268,0.242,0.51,179,53,541,0.331,0.457,1.145,4
16,JuniorCaminero,3B,TB,15,47,7,7,0,1,4,10,3,9,0,0,0.149,0.2,0.447,0.647,159,45,602,0.264,0.311,0.846,6
16,JuanSoto,RF,NYM,16,38,10,11,2,0,4,9,7,6,0,0,0.289,0.391,0.658,1.049,152,43,577,0.263,0.396,0.921,7
116,PeteAlonso,1B,NYM,21,55,8,14,5,0,2,10,8,12,0,0,0.255,0.344,0.455,0.799,170,38,624,0.272,0.347,0.871,8
16,JoAdell,CF,LAA,23,64,6,11,1,0,4,13,1,17,1,1,0.172,0.194,0.375,0.569,124,37,526,0.236,0.293,0.778,9
48,RileyGreene,LF,DET,18,48,7,14,3,0,3,8,6,19,0,0,0.292,0.364,0.542,0.906,155,36,600,0.258,0.313,0.806,10
116,NickKurtz,X,ATH,14,23,4,6,0,0,2,5,7,5,0,0,0.261,0.452,0.522,0.974,122,36,420,0.29,0.383,1.002,10
116,TaylorWard,LF,LAA,18,48,5,14,3,0,2,6,6,18,1,0,0.292,0.37,0.479,0.849,132,36,579,0.228,0.317,0.792,10
48,ByronBuxton,CF,MIN,16,41,7,13,2,0,3,6,7,16,2,0,0.317,0.42,0.585,1.005,129,35,488,0.264,0.327,0.878,13
586,RafaelDevers,DH,BOS,5,14,0,3,1,0,0,2,1,5,0,0,0.214,0.267,0.286,0.553,153,35,607,0.252,0.372,0.851,13
16,TrentGrisham,CF,NYY,13,28,5,6,0,0,4,6,9,11,1,0,0.214,0.395,0.643,1.038,116,34,494,0.235,0.348,0.812,15
264,MichaelBusch,1B,CHC,14,36,8,15,3,1,1,12,3,6,1,0,0.417,0.475,0.639,1.114,137,34,524,0.261,0.343,0.866,15
48,SeiyaSuzuki,RF,CHC,14,36,6,9,1,0,3,9,4,11,1,0,0.25,0.333,0.528,0.861,140,32,571,0.245,0.326,0.804,17
116,VinniePasquantino,1B,KC,17,48,6,10,4,0,2,9,1,6,0,0,0.208,0.216,0.417,0.633,164,32,621,0.264,0.323,0.798,17
264,GeorgeSpringer,RF,TOR,15,37,5,4,1,0,1,5,8,9,0,0,0.108,0.298,0.216,0.514,154,32,498,0.309,0.399,0.959,17
8,SpencerTorkelson,DH,DET,19,50,6,17,2,0,5,11,4,11,1,0,0.34,0.389,0.68,1.069,135,31,563,0.24,0.333,0.789,21
16,CorbinCarroll,RF,AZ,16,45,12,18,1,1,4,10,4,10,2,0,0.4,0.449,0.733,1.182,146,31,564,0.259,0.343,0.884,21
16,BrandonLowe,2B,TB,17,43,10,12,0,0,4,9,7,13,0,0,0.279,0.373,0.558,0.931,130,31,507,0.256,0.307,0.784,21
16,JamesWood,LF,WSH,16,46,9,13,4,0,4,11,7,17,0,0,0.283,0.377,0.63,1.007,153,31,598,0.256,0.35,0.825,21
48,JazzChisholm,2B,NYY,19,48,9,10,2,0,3,12,6,17,3,0,0.208,0.309,0.438,0.747,112,31,462,0.242,0.332,0.813,21
48,PeteCrow-Armstrong,CF,CHC,13,34,9,17,4,0,3,11,0,8,2,0,0.5,0.486,0.882,1.368,146,31,591,0.247,0.287,0.768,21
48,HunterGoodman,C,COL,19,45,13,20,6,1,3,10,4,4,0,0,0.444,0.5,0.822,1.322,150,31,540,0.278,0.323,0.843,21
116,SheaLangeliers,C,ATH,17,42,7,12,5,0,2,3,1,1,0,0,0.286,0.318,0.548,0.866,133,31,481,0.277,0.325,0.861,21
586,FranciscoLindor,SS,NYM,19,60,4,12,3,0,0,5,6,10,2,0,0.2,0.273,0.25,0.523,172,31,644,0.267,0.346,0.812,21
48,WillyAdames,SS,SF,18,51,9,17,2,0,3,10,4,12,2,0,0.333,0.393,0.549,0.942,133,30,591,0.225,0.318,0.739,30
48,BrentRooker,DH,ATH,16,39,5,10,3,0,3,11,2,12,0,0,0.256,0.283,0.564,0.847,164,30,626,0.262,0.335,0.814,30
116,SalvadorPerez,C,KC,17,46,7,13,2,0,2,8,1,11,0,0,0.283,0.292,0.457,0.749,141,30,597,0.236,0.284,0.73,30
16,CodyBellinger,CF,NYY,19,52,15,22,5,0,4,8,4,9,0,0,0.423,0.464,0.75,1.214,160,29,588,0.272,0.334,0.814,34
48,MattOlson,1B,ATL,19,49,7,9,0,0,3,7,5,12,0,0,0.184,0.259,0.367,0.626,170,29,624,0.272,0.366,0.85,34
48,ChristianYelich,LF,MIL,12,34,5,12,2,1,3,11,2,8,0,0,0.353,0.389,0.735,1.124,151,29,573,0.264,0.343,0.795,34
264,KetelMarte,2B,AZ,21,61,11,21,2,1,1,10,4,11,0,0,0.344,0.388,0.459,0.847,136,28,480,0.283,0.376,0.893,37
16,KyleManzardo,1B,CLE,19,53,6,17,3,1,4,8,2,18,0,0,0.321,0.357,0.642,0.999,110,27,470,0.234,0.313,0.768,38
48,RandyArozarena,LF,SEA,19,60,8,21,4,0,3,7,3,16,4,0,0.35,0.381,0.567,0.948,146,27,613,0.238,0.334,0.76,38
116,MannyMachado,3B,SD,15,33,5,7,2,0,2,3,3,10,0,0,0.212,0.278,0.455,0.733,169,27,615,0.275,0.335,0.795,38
264,AndyPages,CF,LAD,14,36,5,7,0,0,1,4,4,8,0,0,0.194,0.293,0.278,0.571,158,27,581,0.272,0.313,0.774,38
586,BryceHarper,1B,PHI,14,41,3,12,2,0,0,4,2,9,0,0,0.293,0.341,0.341,0.682,131,27,501,0.261,0.357,0.844,38
586,ChristianWalker,1B,HOU,4,8,2,4,3,0,0,0,2,1,0,0,0.5,0.6,0.875,1.475,139,27,585,0.238,0.297,0.718,38
8,BenRice,C,NYY,20,62,11,15,2,0,5,10,7,17,1,0,0.242,0.319,0.516,0.835,119,26,467,0.255,0.337,0.836,44
48,JorgePolanco,3B,SEA,13,39,7,12,3,0,3,8,1,5,0,0,0.308,0.325,0.615,0.94,125,26,471,0.265,0.326,0.821,44
48,MikeTrout,RF,LAA,17,39,6,11,2,0,3,5,12,13,0,1,0.282,0.462,0.564,1.026,106,26,456,0.232,0.359,0.798,44
264,JoseAltuve,LF,HOU,14,38,4,7,3,0,1,5,4,11,0,0,0.184,0.256,0.342,0.598,156,26,588,0.265,0.329,0.771,44
264,KerryCarpenter,RF,DET,19,53,3,17,1,0,1,6,4,10,0,0,0.321,0.362,0.396,0.758,109,26,433,0.252,0.291,0.788,44
116,TrevorStory,SS,BOS,15,45,7,15,5,0,2,8,0,14,0,0,0.333,0.34,0.578,0.918,161,25,612,0.263,0.308,0.741,50
264,BrandonNimmo,LF,NYM,9,29,3,10,3,1,1,5,4,4,0,0,0.345,0.424,0.621,1.045,154,25,587,0.262,0.324,0.76,50
264,TylerSoderstrom,1B,ATH,20,54,5,12,0,0,1,4,3,5,2,0,0.222,0.263,0.278,0.541,155,25,561,0.276,0.346,0.82,50
264,FernandoTatis,RF,SD,14,27,6,7,1,0,1,1,5,6,1,0,0.259,0.394,0.407,0.801,159,25,594,0.268,0.368,0.814,50
586,KyleStowers,LF,MIA,16,40,2,7,0,0,0,3,12,18,2,0,0.175,0.365,0.175,0.54,115,25,399,0.288,0.368,0.912,50
48,FreddieFreeman,1B,LAD,12,33,3,7,2,0,3,6,1,8,0,0,0.212,0.235,0.545,0.78,164,24,556,0.295,0.367,0.869,57
116,MickeyMoniak,CF,LAA,21,52,6,10,1,1,2,9,4,18,3,2,0.192,0.241,0.365,0.606,117,24,434,0.27,0.306,0.824,57
586,DansbySwanson,SS,CHC,14,33,6,8,4,0,0,2,3,6,1,1,0.242,0.324,0.364,0.688,144,24,590,0.244,0.3,0.717,57
16,BobbyWitt,SS,KC,18,50,10,18,4,0,4,8,3,11,1,1,0.36,0.4,0.68,1.08,184,23,623,0.295,0.351,0.852,62
264,VladimirGuerrero,1B,TOR,18,47,10,14,4,0,1,5,5,9,0,0,0.298,0.365,0.447,0.812,172,23,589,0.292,0.381,0.848,62
586,IanHapp,LF,CHC,14,33,5,9,5,0,0,1,7,12,1,0,0.273,0.415,0.424,0.839,138,23,569,0.243,0.342,0.762,62
1,MattWallner,RF,MIN,18,58,8,12,2,0,6,14,3,18,0,0,0.207,0.281,0.552,0.833,68,22,336,0.202,0.311,0.775,65
16,EllyDe La Cruz,SS,CIN,18,44,14,18,4,0,4,12,10,12,6,2,0.409,0.519,0.773,1.292,166,22,629,0.264,0.336,0.776,65
116,WyattLangford,LF,TEX,12,33,7,14,1,1,2,7,4,8,0,0,0.424,0.486,0.697,1.183,118,22,489,0.241,0.344,0.775,65
264,WilyerAbreu,RF,BOS,6,20,1,1,0,0,1,2,1,6,0,0,0.05,0.095,0.2,0.295,92,22,373,0.247,0.317,0.786,65
264,JoshBell,DH,WSH,15,46,4,6,1,0,1,4,6,19,0,0,0.13,0.231,0.217,0.448,111,22,468,0.237,0.325,0.742,65
264,KyleTucker,RF,CHC,13,30,4,3,0,0,1,2,6,9,0,0,0.1,0.243,0.2,0.443,133,22,500,0.266,0.377,0.841,65
264,KyleTucker,RF,CHC,13,30,4,3,0,0,1,2,6,9,0,0,0.1,0.243,0.2,0.443,133,22,500,0.266,0.377,0.841,65
586,LenynSosa,3B,CWS,17,46,7,14,4,0,0,10,5,9,0,0,0.304,0.365,0.391,0.756,137,22,518,0.264,0.293,0.727,65
1,MattChapman,3B,SF,17,45,11,18,0,0,6,14,6,10,1,0,0.4,0.471,0.8,1.271,105,21,454,0.231,0.34,0.77,72
1,AustinWells,C,NYY,16,46,11,16,2,0,6,12,3,11,0,0,0.348,0.4,0.783,1.183,88,21,401,0.219,0.275,0.711,72
16,MarcellOzuna,DH,ATL,19,43,7,12,3,0,4,10,6,4,0,0,0.279,0.367,0.628,0.995,113,21,487,0.232,0.355,0.755,72
48,AddisonBarger,RF,TOR,15,30,8,11,2,0,3,6,4,10,1,1,0.367,0.429,0.733,1.162,112,21,460,0.243,0.301,0.755,72
48,CoreySeager,SS,TEX,18,40,9,10,3,0,3,11,10,11,0,0,0.25,0.4,0.55,0.95,103,21,380,0.271,0.373,0.86,72
116,LawrenceButler,RF,ATH,17,48,7,18,5,1,2,9,1,10,1,2,0.375,0.38,0.646,1.026,133,21,569,0.234,0.306,0.71,72
116,HeliotRamos,LF,SF,15,42,4,12,3,0,2,8,4,12,4,0,0.286,0.375,0.5,0.875,159,21,620,0.256,0.328,0.728,72
264,JacksonChourio,RF,MIL,17,49,13,23,9,0,1,8,4,7,6,1,0.469,0.509,0.714,1.223,148,21,549,0.27,0.308,0.771,72
264,ColsonMontgomery,SS,CWS,4,9,1,1,0,0,1,2,0,5,0,0,0.111,0.111,0.444,0.555,61,21,255,0.239,0.311,0.84,72
586,SpencerSteer,DH,CIN,3,7,0,1,0,0,0,0,0,2,0,0,0.143,0.143,0.143,0.286,121,21,509,0.238,0.312,0.723,72
16,DaultonVarsho,DH,TOR,12,33,6,8,1,1,4,9,3,8,0,0,0.242,0.297,0.697,0.994,59,20,248,0.238,0.284,0.832,84
48,OneilCruz,CF,PIT,14,36,8,7,0,0,3,12,9,17,6,1,0.194,0.362,0.444,0.806,94,20,471,0.2,0.298,0.676,84
116,WillsonContreras,1B,STL,16,37,7,15,3,0,2,6,6,7,0,0,0.405,0.511,0.649,1.16,126,20,490,0.257,0.344,0.791,84
116,YainerDiaz,C,HOU,15,41,4,8,0,0,2,4,2,9,0,0,0.195,0.233,0.341,0.574,139,20,542,0.256,0.284,0.701,84
116,MichaelHarris,CF,ATL,19,50,7,16,2,0,2,5,1,9,2,0,0.32,0.333,0.48,0.813,152,20,611,0.249,0.268,0.677,84
264,MookieBetts,SS,LAD,12,28,3,6,0,0,1,3,2,0,0,0,0.214,0.25,0.321,0.571,152,20,589,0.258,0.326,0.732,84
264,JoshNaylor,1B,AZ,19,48,5,18,5,0,1,9,8,4,3,1,0.375,0.456,0.542,0.998,160,20,543,0.295,0.353,0.815,84
264,IsaacParedes,3B,HOU,15,32,3,6,1,0,1,3,9,6,0,1,0.188,0.395,0.313,0.708,96,20,378,0.254,0.352,0.81,84
264,GeraldoPerdomo,SS,AZ,20,45,11,13,2,0,1,3,8,5,3,0,0.289,0.411,0.4,0.811,173,20,597,0.29,0.389,0.851,84
586,AndrewBenintendi,DH,CWS,7,18,1,2,1,0,0,1,0,4,0,0,0.111,0.158,0.167,0.325,101,20,420,0.24,0.307,0.738,84
586,RyanMcMahon,3B,COL,20,48,5,11,2,0,0,3,10,20,0,1,0.229,0.383,0.271,0.654,109,20,509,0.214,0.312,0.693,84
1,GavinSheets,DH,SD,24,54,9,17,3,0,6,13,5,12,0,1,0.315,0.373,0.704,1.077,124,19,492,0.252,0.317,0.746,95
16,AnthonyVolpe,SS,NYY,19,53,9,11,1,0,4,9,4,15,4,0,0.208,0.263,0.453,0.716,114,19,539,0.212,0.272,0.663,95
116,CJAbrams,SS,WSH,18,55,7,15,2,1,2,5,2,6,2,0,0.273,0.322,0.455,0.777,149,19,580,0.257,0.315,0.748,95
116,KodyClemens,1B,PHI,21,55,11,18,3,1,2,7,2,13,0,0,0.327,0.373,0.527,0.9,74,19,348,0.213,0.281,0.715,95
116,MaxMuncy,3B,LAD,14,25,8,7,1,0,2,7,10,11,0,0,0.28,0.513,0.56,1.073,76,19,313,0.243,0.376,0.846,95
264,LourdesGurriel,LF,AZ,16,44,5,14,1,0,1,10,1,4,2,0,0.318,0.34,0.409,0.749,124,19,500,0.248,0.295,0.713,95
264,MaxMuncy,2B,ATH,24,39,7,11,1,0,1,7,6,11,1,0,0.282,0.383,0.385,0.768,76,19,313,0.243,0.376,0.846,95
586,DrakeBaldwin,C,ATL,17,42,4,12,2,0,0,4,8,4,0,0,0.286,0.4,0.333,0.733,111,19,405,0.274,0.341,0.81,95
586,LoganO'Hoppe,C,LAA,14,38,1,10,4,0,0,4,2,16,0,0,0.263,0.317,0.368,0.685,90,19,423,0.213,0.258,0.629,95
16,BrettBaty,2B,NYM,20,51,14,18,6,1,4,11,8,6,1,0,0.353,0.441,0.745,1.186,100,18,393,0.254,0.313,0.748,105
16,BoBichette,SS,TOR,18,51,11,19,3,0,4,9,4,7,1,2,0.373,0.411,0.667,1.078,181,18,582,0.311,0.357,0.84,105
48,AlexBregman,3B,BOS,17,43,9,12,3,1,3,10,8,13,1,0,0.279,0.421,0.605,1.026,118,18,433,0.273,0.36,0.822,105
48,AlecBurleson,1B,STL,17,49,6,11,2,0,3,8,5,7,0,0,0.224,0.291,0.449,0.74,144,18,497,0.29,0.343,0.802,105
48,MaxKepler,LF,PHI,17,40,7,15,3,0,3,11,10,9,1,0,0.375,0.5,0.675,1.175,90,18,417,0.216,0.3,0.691,105
264,BriceTurang,2B,MIL,12,35,6,10,2,0,1,3,2,3,1,1,0.286,0.324,0.429,0.753,168,18,584,0.288,0.359,0.794,105
264,BriceTurang,2B,MIL,12,35,6,10,2,0,1,3,2,3,1,1,0.286,0.324,0.429,0.753,168,18,584,0.288,0.359,0.794,105
586,NathanielLowe,1B,WSH,17,45,5,9,1,0,0,2,8,14,0,0,0.2,0.321,0.222,0.543,123,18,540,0.228,0.307,0.688,105
16,MikeYastrzemski,RF,SF,17,42,8,12,1,1,4,8,5,12,0,1,0.286,0.367,0.643,1.01,111,17,477,0.233,0.333,0.736,112
48,TrevorLarnach,LF,MIN,17,51,5,16,0,0,3,8,3,6,0,0,0.314,0.364,0.49,0.854,126,17,503,0.25,0.323,0.727,112
48,RowdyTellez,1B,SEA,16,47,9,14,4,0,3,5,1,9,0,0,0.298,0.32,0.574,0.894,66,17,289,0.228,0.276,0.719,112
116,NickCastellanos,RF,PHI,15,40,5,6,0,0,2,3,4,14,0,0,0.15,0.227,0.3,0.527,137,17,547,0.25,0.294,0.694,112
116,WilliamContreras,C,MIL,14,36,7,16,2,0,2,9,5,5,1,0,0.444,0.512,0.667,1.179,147,17,566,0.26,0.355,0.754,112
116,RyanO'Hearn,DH,BAL,16,43,3,10,3,0,2,7,5,10,0,0,0.233,0.313,0.442,0.755,133,17,474,0.281,0.366,0.803,112
116,WillSmith,C,LAD,9,20,3,4,2,0,2,3,2,5,0,0,0.2,0.36,0.6,0.96,107,17,362,0.296,0.404,0.901,112
116,MarkVientos,3B,NYM,18,46,6,11,0,0,2,7,5,12,0,0,0.239,0.345,0.37,0.715,99,17,424,0.233,0.289,0.702,112
264,HarrisonBader,LF,MIN,18,44,5,11,2,0,1,5,7,8,3,2,0.25,0.353,0.364,0.717,124,17,448,0.277,0.347,0.796,112
264,JacksonHolliday,2B,BAL,16,48,12,16,1,1,1,4,6,11,5,2,0.333,0.407,0.458,0.865,142,17,586,0.242,0.314,0.689,112
264,CarsonKelly,C,CHC,10,23,4,10,4,0,1,6,4,6,1,0,0.435,0.519,0.739,1.258,92,17,369,0.249,0.333,0.761,112
264,CedricMullins,CF,BAL,16,44,4,6,0,0,1,5,3,12,0,0,0.136,0.204,0.205,0.409,94,17,435,0.216,0.299,0.69,112
586,GunnarHenderson,SS,BAL,3,6,0,1,0,0,0,0,0,0,0,0,0.167,0.167,0.167,0.334,158,17,577,0.274,0.349,0.787,112
586,JordanWestburg,3B,BAL,10,29,4,9,2,0,0,2,3,9,1,0,0.31,0.375,0.379,0.754,87,17,328,0.265,0.313,0.77,112
16,JordanBeck,X,COL,24,65,9,15,2,0,4,8,6,25,6,1,0.231,0.306,0.446,0.752,139,16,539,0.258,0.317,0.733,127
16,JacksonMerrill,CF,SD,18,46,4,11,0,1,4,10,0,11,0,0,0.239,0.239,0.543,0.782,116,16,440,0.264,0.317,0.774,127
48,JakeBurger,1B,TEX,22,59,5,13,2,0,3,9,5,18,1,0,0.22,0.281,0.407,0.688,84,16,356,0.236,0.269,0.688,127
48,GleyberTorres,2B,DET,17,42,7,10,3,0,3,11,7,10,0,0,0.238,0.34,0.524,0.864,136,16,532,0.256,0.358,0.745,127
116,ColtonCowser,LF,BAL,16,44,6,16,3,0,2,6,6,12,2,1,0.364,0.462,0.568,1.03,64,16,327,0.196,0.269,0.654,127
116,WilmerFlores,1B,SF,18,48,6,10,3,0,2,6,4,12,0,0,0.208,0.264,0.396,0.66,101,16,419,0.241,0.307,0.686,127
116,BrooksLee,SS,MIN,14,42,6,10,0,0,2,4,2,8,1,1,0.238,0.273,0.381,0.654,115,16,487,0.236,0.285,0.655,127
116,CeddanneRafaela,CF,BOS,16,38,10,12,2,0,2,10,6,4,2,0,0.316,0.409,0.526,0.935,136,16,546,0.249,0.295,0.709,127
116,AustinRiley,3B,ATL,19,46,6,12,5,0,2,4,3,14,0,0,0.261,0.333,0.5,0.833,108,16,416,0.26,0.309,0.737,127
116,MiguelVargas,3B,CWS,17,44,9,15,2,0,2,6,7,5,0,0,0.341,0.423,0.523,0.946,118,16,504,0.234,0.316,0.717,127
264,OzzieAlbies,2B,ATL,17,44,7,10,4,0,1,3,4,8,0,0,0.227,0.292,0.386,0.678,145,16,603,0.24,0.306,0.671,127
264,JarrenDuran,LF,BOS,17,51,7,10,3,0,1,3,4,9,1,0,0.196,0.255,0.314,0.569,159,16,620,0.256,0.332,0.774,127
264,BryanReynolds,RF,PIT,16,45,6,12,2,0,1,5,4,12,2,0,0.267,0.327,0.378,0.705,144,16,587,0.245,0.318,0.72,127
586,MaikelGarcia,3B,KC,16,45,9,14,1,1,0,9,5,7,6,3,0.311,0.38,0.378,0.758,170,16,595,0.286,0.351,0.8,127
586,SeanMurphy,C,ATL,3,6,0,0,0,0,0,0,1,3,0,0,0,0.25,0,0.25,58,16,291,0.199,0.3,0.709,127
48,AustinHays,LF,CIN,16,42,7,13,3,2,3,14,2,7,1,0,0.31,0.37,0.69,1.06,101,15,380,0.266,0.315,0.768,143
48,MarcusSemien,2B,TEX,22,59,9,13,2,1,3,5,7,12,0,0,0.22,0.313,0.441,0.754,108,15,470,0.23,0.305,0.669,143
116,BrentonDoyle,CF,COL,19,56,6,14,3,0,2,7,4,15,2,0,0.25,0.3,0.411,0.711,117,15,502,0.233,0.274,0.65,143
116,AlejandroKirk,C,TOR,17,43,4,13,1,0,2,8,4,5,0,0,0.302,0.354,0.465,0.819,127,15,451,0.282,0.348,0.769,143
116,OttoLopez,2B,MIA,18,48,10,16,2,0,2,7,5,6,0,0,0.333,0.4,0.5,0.9,134,15,544,0.246,0.305,0.673,143
264,MattMcLain,2B,CIN,18,55,7,14,6,0,1,4,2,17,0,0,0.255,0.281,0.418,0.699,112,15,510,0.22,0.3,0.643,143
264,TreaTurner,SS,PHI,16,39,7,7,0,0,1,5,10,13,1,0,0.179,0.333,0.256,0.589,179,15,589,0.304,0.355,0.812,143
264,TreaTurner,SS,PHI,16,39,7,7,0,0,1,5,10,13,1,0,0.179,0.333,0.256,0.589,179,15,589,0.304,0.355,0.812,143
16,LuisRobert,CF,CWS,18,50,9,15,2,0,4,8,6,15,1,0,0.3,0.386,0.58,0.966,85,14,382,0.223,0.297,0.661,151
48,JJBleday,CF,ATH,17,43,12,14,1,0,3,7,9,3,0,0,0.326,0.434,0.558,0.992,65,14,307,0.212,0.294,0.698,151
48,BoNaylor,C,CLE,17,51,6,10,1,0,3,8,4,13,1,0,0.196,0.255,0.392,0.647,70,14,359,0.195,0.282,0.661,151
116,DannyJansen,C,TB,11,25,6,8,2,0,2,4,6,4,0,0,0.32,0.452,0.64,1.092,62,14,288,0.215,0.321,0.72,151
264,JonathanAranda,1B,TB,17,49,7,14,5,0,1,9,4,16,0,0,0.286,0.333,0.449,0.782,117,14,370,0.316,0.393,0.882,151
264,NolanGorman,2B,STL,18,53,4,10,4,0,1,3,3,12,0,0,0.189,0.232,0.321,0.553,72,14,351,0.205,0.296,0.666,151
264,JoshJung,3B,TEX,20,49,6,10,2,0,1,1,8,16,0,0,0.204,0.316,0.306,0.622,121,14,482,0.251,0.294,0.684,151
586,TJFriedl,CF,CIN,16,48,9,13,2,0,0,3,4,9,0,0,0.271,0.352,0.313,0.665,151,14,579,0.261,0.364,0.742,151
586,NoelviMarte,3B,CIN,11,20,4,3,1,2,0,3,1,8,0,0,0.15,0.182,0.4,0.582,89,14,339,0.263,0.3,0.748,151
586,JuricksonProfar,LF,ATL,11,28,3,7,4,0,0,2,6,4,0,0,0.25,0.382,0.393,0.775,78,14,318,0.245,0.353,0.787,151
586,AndrewVaughn,1B,CWS,16,43,2,10,3,0,0,4,5,7,0,0,0.233,0.327,0.302,0.629,103,14,406,0.254,0.307,0.718,151
16,JacobWilson,SS,ATH,19,52,9,16,1,0,4,13,1,2,0,0,0.308,0.321,0.558,0.879,151,13,486,0.311,0.355,0.799,163
48,TommyEdman,2B,LAD,15,41,7,11,2,0,3,6,3,8,0,0,0.268,0.318,0.537,0.855,78,13,346,0.225,0.274,0.656,163
116,DillonDingler,C,DET,19,42,5,10,3,0,2,8,2,8,0,1,0.238,0.273,0.452,0.725,121,13,435,0.278,0.327,0.752,163
116,BrysonStott,2B,PHI,18,41,10,11,0,0,2,8,13,7,0,0,0.268,0.444,0.415,0.859,128,13,499,0.257,0.328,0.719,163
264,LarsNootbaar,LF,STL,18,41,10,11,1,1,1,7,14,12,1,0,0.268,0.446,0.415,0.861,119,13,509,0.234,0.325,0.686,163
264,TylerStephenson,C,CIN,9,22,3,5,2,0,1,2,4,9,0,0,0.227,0.37,0.455,0.825,69,13,299,0.231,0.316,0.737,163
586,CarlosCorrea,SS,MIN,16,44,5,6,1,0,0,3,7,12,0,0,0.136,0.25,0.159,0.409,148,13,537,0.276,0.332,0.734,163
586,ColtKeith,1B,DET,20,55,4,16,4,0,0,5,3,7,1,0,0.291,0.328,0.364,0.692,106,13,414,0.256,0.333,0.746,163
586,RoyceLewis,3B,MIN,12,26,4,9,2,0,0,3,4,2,1,0,0.346,0.469,0.423,0.892,89,13,376,0.237,0.283,0.671,163
586,AndrewMcCutchen,DH,PIT,15,32,1,5,0,0,0,3,10,9,1,1,0.156,0.386,0.156,0.542,114,13,477,0.239,0.333,0.7,163
586,MattShaw,3B,CHC,9,24,4,5,1,0,0,4,3,2,1,0,0.208,0.296,0.25,0.546,89,13,393,0.226,0.295,0.689,163
1,RhysHoskins,1B,MIL,16,42,11,11,0,0,6,9,9,12,0,0,0.262,0.392,0.69,1.082,66,12,279,0.237,0.332,0.748,175
8,JorgeSoler,DH,LAA,21,54,11,16,2,0,5,11,6,22,0,0,0.296,0.387,0.611,0.998,60,12,279,0.215,0.293,0.68,175
48,CaseySchmitt,3B,SF,19,43,6,13,4,0,3,10,2,9,2,1,0.302,0.319,0.605,0.924,74,12,312,0.237,0.305,0.706,175
116,WillBenson,RF,CIN,13,25,4,5,0,1,2,3,4,10,1,0,0.2,0.333,0.52,0.853,52,12,230,0.226,0.273,0.708,175
116,J.P.Crawford,SS,SEA,18,44,9,12,3,0,2,7,8,12,0,0,0.273,0.377,0.477,0.854,151,12,570,0.265,0.352,0.722,175
116,SalFrelick,CF,MIL,15,41,10,16,1,0,2,10,5,3,4,0,0.39,0.457,0.561,1.018,152,12,528,0.288,0.351,0.756,175
116,DanielSchneemann,SS,CLE,18,43,5,9,2,1,2,4,4,9,0,0,0.209,0.277,0.442,0.719,78,12,379,0.206,0.283,0.637,175
264,NolanArenado,3B,STL,17,41,3,8,2,0,1,8,5,5,0,0,0.195,0.277,0.317,0.594,95,12,401,0.237,0.289,0.666,175
264,VictorCaratini,C,HOU,14,30,5,6,0,0,1,3,6,6,0,0,0.2,0.333,0.3,0.633,89,12,344,0.259,0.324,0.728,175
264,MichaelConforto,LF,LAD,13,32,6,7,4,0,1,3,5,10,0,0,0.219,0.342,0.438,0.78,83,12,418,0.199,0.305,0.638,175
264,NathanLukes,CF,TOR,17,36,6,8,2,0,1,4,7,8,1,0,0.222,0.364,0.361,0.725,99,12,388,0.255,0.323,0.73,175
264,ZachMcKinstry,X,DET,20,43,7,11,1,0,1,1,2,6,1,1,0.256,0.319,0.349,0.668,117,12,452,0.259,0.333,0.771,175
264,NolanSchanuel,1B,LAA,23,59,8,15,2,0,1,3,6,9,1,1,0.254,0.323,0.339,0.662,129,12,488,0.264,0.353,0.742,175
586,JeffMcNeil,2B,NYM,11,29,5,7,4,0,0,1,3,5,0,0,0.241,0.313,0.379,0.692,97,12,399,0.243,0.335,0.746,175
586,J.T.Realmuto,C,PHI,14,31,3,7,1,1,0,7,10,10,0,1,0.226,0.415,0.323,0.738,129,12,502,0.257,0.315,0.699,175
8,MichaelToglia,1B,COL,21,59,11,15,2,0,5,10,8,20,0,1,0.254,0.343,0.542,0.885,58,11,306,0.19,0.258,0.611,192
48,GabrielArias,2B,CLE,19,49,5,12,2,0,3,5,2,10,1,2,0.245,0.275,0.469,0.744,95,11,432,0.22,0.274,0.637,192
48,AlecBohm,3B,PHI,16,46,11,17,3,0,3,8,4,12,0,0,0.37,0.412,0.63,1.042,133,11,464,0.287,0.331,0.74,192
48,KyleHigashioka,C,TEX,14,35,5,11,2,0,3,10,2,7,0,0,0.314,0.342,0.629,0.971,73,11,303,0.241,0.291,0.694,192
116,CalebDurbin,3B,MIL,18,54,13,14,2,0,2,7,5,9,10,0,0.259,0.339,0.407,0.746,114,11,445,0.256,0.334,0.721,192
116,JoshLowe,RF,TB,18,49,9,21,4,0,2,7,6,9,1,0,0.429,0.491,0.633,1.124,87,11,396,0.22,0.283,0.649,192
116,DavisSchneider,2B,TOR,17,30,6,10,3,0,2,5,9,12,0,0,0.333,0.487,0.633,1.12,44,11,188,0.234,0.361,0.797,192
116,EdmundoSosa,SS,PHI,18,48,5,14,4,0,2,11,1,11,1,0,0.292,0.333,0.5,0.833,67,11,243,0.276,0.307,0.776,192
264,BrooksBaldwin,DH,CWS,18,44,3,11,4,0,1,4,3,5,2,2,0.25,0.313,0.409,0.722,72,11,300,0.24,0.29,0.697,192
264,DominicCanzone,RF,SEA,18,43,9,9,3,1,1,3,1,6,0,0,0.209,0.244,0.395,0.639,73,11,243,0.3,0.358,0.839,192
264,WilliCastro,2B,MIN,15,36,5,8,3,0,1,4,8,7,2,0,0.222,0.404,0.389,0.793,91,11,402,0.226,0.313,0.679,192
264,StevenKwan,LF,CLE,17,52,8,18,2,1,1,4,3,6,1,2,0.346,0.386,0.481,0.867,170,11,625,0.272,0.33,0.704,192
264,BrandonMarsh,CF,PHI,19,39,7,10,1,0,1,5,15,9,1,1,0.256,0.463,0.359,0.822,106,11,379,0.28,0.342,0.785,192
264,DylanMoore,2B,SEA,16,44,6,6,0,1,1,2,3,10,3,0,0.136,0.208,0.25,0.458,44,11,219,0.201,0.267,0.641,192
264,ChristopherMorel,LF,TB,17,48,6,12,2,0,1,3,5,16,1,0,0.25,0.321,0.354,0.675,61,11,278,0.219,0.289,0.685,192
264,CarlosSantana,1B,CLE,17,48,4,7,1,0,1,4,7,10,1,0,0.146,0.255,0.229,0.484,91,11,415,0.219,0.308,0.633,192
586,FranciscoAlvarez,C,NYM,9,22,1,5,0,0,0,2,5,11,0,0,0.227,0.37,0.227,0.597,63,11,246,0.256,0.339,0.786,192
586,XanderBogaerts,SS,SD,18,37,3,11,3,0,0,7,3,12,0,0,0.297,0.35,0.378,0.728,129,11,491,0.263,0.328,0.719,192
586,JakeCronenworth,2B,SD,18,39,5,12,4,0,0,3,4,10,0,0,0.308,0.372,0.41,0.782,103,11,419,0.246,0.367,0.744,192
586,JonahHeim,C,TEX,15,37,3,8,1,0,0,2,5,10,0,0,0.216,0.302,0.243,0.545,84,11,395,0.213,0.271,0.603,192
586,CobyMayo,1B,BAL,17,42,9,8,3,0,0,3,2,13,0,0,0.19,0.239,0.262,0.501,57,11,263,0.217,0.299,0.687,192
48,PaulGoldschmidt,1B,NYY,16,39,7,12,3,0,3,11,5,11,0,0,0.308,0.386,0.615,1.001,134,10,489,0.274,0.328,0.731,217
116,MiguelAndujar,LF,ATH,18,51,9,16,4,0,2,5,5,5,0,0,0.314,0.375,0.51,0.885,102,10,321,0.318,0.352,0.822,217
264,TommyPham,LF,PIT,18,46,6,8,0,1,1,1,12,9,2,0,0.174,0.345,0.283,0.628,96,10,392,0.245,0.33,0.7,217
264,JoshSmith,1B,TEX,17,48,8,10,3,1,1,3,5,13,0,1,0.208,0.283,0.375,0.658,124,10,495,0.251,0.335,0.701,217
264,EliWhite,2B,ATL,22,44,3,14,3,0,1,2,2,12,1,1,0.318,0.388,0.455,0.843,60,10,256,0.234,0.27,0.676,217
264,EliWhite,2B,ATL,22,44,3,14,3,0,1,2,2,12,1,1,0.318,0.388,0.455,0.843,60,10,256,0.234,0.27,0.676,217
586,DylanCrews,RF,WSH,19,55,13,15,0,2,0,5,9,19,3,2,0.273,0.385,0.345,0.73,61,10,293,0.208,0.28,0.632,217
586,BrendanDonovan,2B,STL,17,47,2,10,0,1,0,6,4,11,0,0,0.213,0.275,0.255,0.53,132,10,460,0.287,0.353,0.775,217
586,HeribertoHernandez,LF,MIA,12,28,2,8,3,0,0,6,4,12,0,0,0.286,0.375,0.393,0.768,68,10,256,0.266,0.347,0.785,217
8,JocPederson,DH,TEX,15,39,8,10,3,0,5,15,2,11,0,0,0.256,0.31,0.718,1.028,48,9,265,0.181,0.285,0.613,227
16,CamSmith,3B,HOU,15,38,8,13,0,1,4,11,5,11,0,0,0.342,0.419,0.711,1.13,104,9,441,0.236,0.312,0.67,227
48,MitchGarver,C,SEA,15,36,8,12,2,0,3,6,5,10,0,0,0.333,0.419,0.639,1.058,53,9,254,0.209,0.297,0.64,227
48,RandalGrichuk,DH,AZ,15,38,5,11,2,0,3,13,3,10,0,0,0.289,0.341,0.579,0.92,62,9,272,0.228,0.273,0.674,227
48,GabrielMoreno,C,AZ,14,38,6,9,1,0,3,7,4,8,0,1,0.237,0.326,0.5,0.826,79,9,277,0.285,0.353,0.786,227
48,AdleyRutschman,C,BAL,16,42,10,15,1,0,3,8,5,8,0,0,0.357,0.438,0.595,1.033,71,9,322,0.22,0.307,0.673,227
116,ErnieClement,3B,TOR,17,43,8,17,2,0,2,9,0,9,1,0,0.395,0.4,0.581,0.981,151,9,545,0.277,0.313,0.711,227
116,IsaacCollins,LF,MIL,16,35,5,8,0,0,2,9,4,5,3,0,0.229,0.317,0.4,0.717,98,9,372,0.263,0.368,0.779,227
116,JonathanIndia,LF,KC,19,49,11,19,4,0,2,7,6,5,1,1,0.388,0.475,0.592,1.067,116,9,497,0.233,0.323,0.669,227
116,MikeTauchman,RF,CWS,11,31,5,6,0,0,2,4,2,12,0,0,0.194,0.265,0.387,0.652,88,9,335,0.263,0.356,0.756,227
116,EzequielTovar,SS,COL,21,54,9,18,5,0,2,5,7,15,0,0,0.333,0.419,0.537,0.956,91,9,360,0.253,0.294,0.694,227
116,EricWagaman,1B,MIA,16,50,6,12,2,0,2,6,5,12,2,0,0.24,0.309,0.4,0.709,119,9,476,0.25,0.296,0.674,227
264,StarlingMarte,DH,NYM,9,24,3,5,2,0,1,1,1,9,0,0,0.208,0.24,0.417,0.657,79,9,293,0.27,0.335,0.745,227
264,TylerO'Neill,RF,BAL,12,29,4,9,2,0,1,4,3,7,0,0,0.31,0.375,0.483,0.858,36,9,181,0.199,0.292,0.684,227
264,RobRefsnyder,RF,BOS,13,32,5,8,2,0,1,7,3,11,1,0,0.25,0.306,0.406,0.712,49,9,182,0.269,0.354,0.838,227
586,RomyGonzalez,1B,BOS,9,27,4,7,2,2,0,3,0,7,1,0,0.259,0.259,0.481,0.74,96,9,315,0.305,0.343,0.826,227
586,RyanJeffers,C,MIN,16,44,4,13,1,0,0,6,4,8,0,0,0.295,0.373,0.318,0.691,108,9,406,0.266,0.356,0.753,227
586,DaylenLile,LF,WSH,17,25,4,6,1,1,0,6,8,3,2,0,0.24,0.441,0.36,0.801,96,9,321,0.299,0.347,0.845,227
586,ReeseMcGuire,C,CHC,14,21,2,4,1,0,0,4,0,2,0,0,0.19,0.227,0.238,0.465,30,9,133,0.226,0.245,0.689,227
586,LuisRengifo,3B,LAA,10,21,1,3,0,0,0,1,4,4,1,0,0.143,0.28,0.143,0.423,119,9,501,0.238,0.287,0.622,227
586,Michael A.Taylor,LF,CWS,14,36,3,7,2,0,0,2,5,17,2,0,0.194,0.31,0.25,0.56,59,9,295,0.2,0.259,0.625,227
586,AlekThomas,CF,AZ,17,46,8,7,1,1,0,0,8,10,2,1,0.152,0.304,0.217,0.521,108,9,433,0.249,0.289,0.659,227
586,MasynWinn,SS,STL,17,50,3,4,0,0,0,1,4,16,2,1,0.08,0.145,0.08,0.225,124,9,491,0.253,0.31,0.673,227
116,RileyAdams,C,WSH,11,24,2,5,0,0,2,6,2,5,0,0,0.208,0.286,0.458,0.744,49,8,263,0.186,0.252,0.56,252
116,Jung HooLee,CF,SF,14,36,10,9,2,0,2,5,5,8,0,1,0.25,0.357,0.472,0.829,149,8,560,0.266,0.327,0.734,252
116,LuisMatos,RF,SF,25,62,7,19,2,0,2,11,3,7,2,0,0.306,0.338,0.435,0.773,38,8,172,0.221,0.266,0.69,252
116,PavinSmith,1B,AZ,20,47,4,14,1,1,2,9,8,10,1,0,0.298,0.386,0.489,0.875,63,8,244,0.258,0.362,0.796,252
116,KyleTeel,C,CWS,14,19,5,6,1,0,2,6,4,4,0,0,0.316,0.435,0.684,1.119,69,8,253,0.273,0.375,0.786,252
264,RomanAnthony,X,BOS,17,34,4,7,1,0,1,10,10,12,0,1,0.206,0.391,0.324,0.715,75,8,257,0.292,0.396,0.859,252
264,LuisArraez,1B,SD,18,43,5,15,2,1,1,7,2,2,1,1,0.349,0.378,0.512,0.89,181,8,620,0.292,0.327,0.719,252
264,ConnorNorby,3B,MIA,15,47,5,12,2,1,1,6,2,13,0,0,0.255,0.294,0.404,0.698,78,8,311,0.251,0.3,0.689,252
586,KyleFarmer,2B,COL,17,44,2,13,1,0,0,7,3,11,0,0,0.295,0.34,0.318,0.658,63,8,277,0.227,0.28,0.645,252
586,OttoKemp,3B,PHI,14,20,4,7,3,1,0,4,2,8,0,0,0.35,0.48,0.6,1.08,46,8,197,0.234,0.298,0.709,252
8,RyanMountcastle,DH,BAL,16,43,9,13,2,0,5,14,3,9,0,0,0.302,0.34,0.698,1.038,83,7,332,0.25,0.286,0.653,264
16,MattMervis,1B,MIA,16,51,8,11,2,0,4,8,3,22,0,0,0.216,0.259,0.49,0.749,21,7,120,0.175,0.254,0.637,264
48,JakeBauers,1B,MIL,15,38,7,10,4,0,3,9,4,8,2,0,0.263,0.333,0.605,0.938,43,7,183,0.235,0.353,0.752,264
48,JacCaglianone,1B,KC,14,18,5,9,3,0,3,7,5,4,0,0,0.5,0.609,1.167,1.776,33,7,210,0.157,0.237,0.532,264
48,JahmaiJones,LF,DET,22,41,12,9,2,1,3,9,7,11,1,0,0.22,0.347,0.537,0.884,37,7,129,0.287,0.387,0.937,264
116,HenryDavis,C,PIT,15,36,8,9,2,0,2,5,2,11,1,0,0.25,0.289,0.472,0.761,42,7,252,0.167,0.234,0.512,264
116,TyFrance,1B,MIN,17,45,11,21,6,0,2,9,3,6,1,0,0.467,0.5,0.733,1.233,114,7,444,0.257,0.32,0.68,264
116,JoeyOrtiz,SS,MIL,18,44,10,15,5,2,2,9,7,10,4,1,0.341,0.463,0.682,1.145,108,7,470,0.23,0.276,0.593,264
116,AbrahamToro,3B,BOS,21,42,4,13,4,1,2,10,3,12,0,0,0.31,0.356,0.595,0.951,62,7,259,0.239,0.289,0.66,264
586,BlazeAlexander,2B,AZ,2,2,1,0,0,0,0,0,1,0,0,0,0,0.333,0,0.333,53,7,230,0.23,0.323,0.706,264
586,AdamFrazier,2B,PIT,14,36,2,6,2,0,0,5,2,6,0,0,0.167,0.211,0.222,0.433,112,7,419,0.267,0.319,0.684,264
586,NicoHoerner,2B,CHC,3,8,0,1,0,0,0,0,0,0,0,0,0.125,0.125,0.125,0.25,178,7,599,0.297,0.345,0.739,264
586,ChristianMoore,2B,LAA,25,46,5,10,1,1,0,4,6,18,1,0,0.217,0.321,0.283,0.604,32,7,162,0.198,0.284,0.654,264
586,MiguelRojas,SS,LAD,14,29,3,10,2,0,0,6,4,4,0,0,0.345,0.429,0.414,0.843,76,7,290,0.262,0.318,0.715,264
586,TimTawa,DH,AZ,11,13,3,3,1,0,0,3,4,3,0,0,0.231,0.412,0.308,0.72,40,7,199,0.201,0.274,0.621,264
586,JaredTriolo,3B,PIT,18,46,6,11,2,2,0,1,3,12,1,2,0.239,0.3,0.37,0.67,75,7,331,0.227,0.311,0.667,264
48,AlexanderCanario,RF,NYM,17,36,9,11,2,0,3,8,7,15,1,1,0.306,0.419,0.611,1.03,47,6,216,0.218,0.274,0.612,282
48,ChristianEncarnacion-Strand,1B,CIN,20,50,7,14,3,1,3,8,4,11,0,0,0.28,0.339,0.56,0.899,27,6,130,0.208,0.234,0.611,282
48,JhonkensyNoel,RF,CLE,20,57,8,19,1,0,3,7,0,19,1,1,0.333,0.328,0.509,0.837,24,6,148,0.162,0.183,0.48,282
116,PatrickBailey,C,SF,16,40,4,12,2,0,2,7,4,8,1,0,0.3,0.364,0.5,0.864,91,6,409,0.222,0.277,0.602,282
116,DylanCarlson,CF,BAL,18,28,10,9,1,0,2,9,12,3,2,0,0.321,0.5,0.571,1.071,44,6,217,0.203,0.278,0.614,282
116,PaulDeJong,3B,WSH,18,47,9,11,2,0,2,8,8,16,1,1,0.234,0.339,0.404,0.743,44,6,193,0.228,0.269,0.642,282
116,DavidHamilton,SS,BOS,21,50,10,13,3,0,2,6,9,12,9,1,0.26,0.373,0.44,0.813,35,6,177,0.198,0.257,0.59,282
116,KyrenParis,2B,LAA,24,45,14,18,6,0,2,13,4,14,4,1,0.4,0.449,0.667,1.116,24,6,126,0.19,0.266,0.647,282
264,YordanAlvarez,DH,HOU,12,34,1,5,0,0,1,3,1,13,0,0,0.147,0.171,0.235,0.406,45,6,165,0.273,0.367,0.797,282
264,KristianCampbell,2B,BOS,20,48,8,8,2,0,1,2,10,18,0,0,0.167,0.305,0.271,0.576,51,6,229,0.223,0.319,0.664,282
264,JakeFraley,RF,CIN,17,42,6,7,1,0,1,4,4,11,4,0,0.167,0.271,0.262,0.533,46,6,191,0.241,0.332,0.714,282
264,DaneMyers,CF,MIA,17,45,3,11,1,0,1,5,8,14,4,1,0.244,0.37,0.333,0.703,72,6,307,0.235,0.291,0.617,282
264,JamesOutman,DH,LAD,12,29,4,6,1,2,1,6,5,15,2,0,0.207,0.333,0.483,0.816,18,6,134,0.134,0.216,0.537,282
264,AnthonySantander,LF,TOR,16,44,7,13,2,0,1,9,7,10,0,0,0.295,0.404,0.409,0.813,34,6,194,0.175,0.271,0.565,282
264,TreySweeney,SS,DET,20,49,5,10,1,0,1,4,7,15,0,0,0.204,0.304,0.286,0.59,58,6,296,0.196,0.258,0.549,282
264,ColbyThomas,LF,ATH,16,22,4,4,1,0,1,3,5,6,1,0,0.182,0.379,0.364,0.743,27,6,120,0.225,0.267,0.684,282
264,ColbyThomas,LF,ATH,16,22,4,4,1,0,1,3,5,6,1,0,0.182,0.379,0.364,0.743,27,6,120,0.225,0.267,0.684,282
264,AustinWynns,C,CIN,14,23,3,5,1,0,1,4,3,6,0,0,0.217,0.296,0.391,0.687,30,6,103,0.291,0.321,0.865,282
264,Travisd'Arnaud,C,LAA,12,25,4,5,2,0,1,1,2,9,0,0,0.2,0.31,0.4,0.71,42,6,213,0.197,0.255,0.598,282
586,LiamHicks,C,MIA,15,30,2,6,1,0,0,3,7,6,0,0,0.2,0.4,0.233,0.633,82,6,332,0.247,0.346,0.692,282
586,AmedRosario,2B,WSH,13,41,1,7,1,0,0,3,0,3,0,0,0.171,0.167,0.195,0.362,50,6,181,0.276,0.309,0.745,282
586,JavierSanoja,2B,MIA,15,37,8,11,3,0,0,7,5,5,0,0,0.297,0.381,0.378,0.759,76,6,313,0.243,0.287,0.683,282
586,JordanWalker,RF,STL,12,31,2,5,2,0,0,5,2,13,0,0,0.161,0.2,0.226,0.426,78,6,363,0.215,0.278,0.584,282
16,VictorScott,CF,STL,16,43,11,15,2,1,4,7,8,9,5,2,0.349,0.451,0.721,1.172,86,5,398,0.216,0.305,0.601,305
48,AustinHedges,C,CLE,18,43,5,5,1,0,3,4,2,17,0,0,0.116,0.156,0.349,0.505,25,5,155,0.161,0.25,0.527,305
48,DominicSmith,1B,NYY,13,37,3,11,1,0,3,12,0,8,0,0,0.297,0.289,0.568,0.857,58,5,204,0.284,0.333,0.75,305
116,JeremiahJackson,SS,BAL,11,15,3,5,0,0,2,7,1,1,1,0,0.333,0.375,0.733,1.108,47,5,170,0.276,0.328,0.775,305
116,GavinLux,3B,CIN,17,40,7,12,3,0,2,7,9,12,3,0,0.3,0.44,0.525,0.965,120,5,446,0.269,0.35,0.724,305
116,KameronMisner,CF,TB,14,33,6,13,3,0,2,5,5,9,2,0,0.394,0.474,0.667,1.141,42,5,197,0.213,0.273,0.618,305
264,FreddyFermin,C,KC,14,39,3,12,4,1,1,12,1,6,0,0,0.308,0.326,0.538,0.864,80,5,319,0.251,0.297,0.636,305
264,NickFortes,C,MIA,13,32,8,8,1,0,1,3,4,5,0,0,0.25,0.333,0.375,0.708,50,5,218,0.229,0.296,0.645,305
264,Ke'BryanHayes,3B,PIT,12,30,3,7,0,0,1,3,4,4,2,0,0.233,0.324,0.333,0.657,124,5,527,0.235,0.29,0.596,305
264,AlexJackson,C,NYY,14,28,2,6,2,0,1,5,1,12,0,0,0.214,0.241,0.393,0.634,20,5,91,0.22,0.29,0.763,305
264,YohelPozo,C,STL,4,7,1,1,0,0,1,2,0,1,0,0,0.143,0.143,0.571,0.714,37,5,160,0.231,0.262,0.637,305
264,BrayanRocchio,SS,CLE,18,47,6,15,4,0,1,4,3,10,2,1,0.319,0.36,0.468,0.828,80,5,344,0.233,0.29,0.63,305
264,AustinSlater,RF,CWS,8,19,5,2,0,0,1,2,4,8,1,1,0.105,0.28,0.263,0.543,32,5,148,0.216,0.27,0.642,305
264,SalStewart,X,CIN,13,24,2,7,2,0,1,2,4,5,2,0,0.292,0.393,0.5,0.893,14,5,55,0.255,0.293,0.838,305
264,LuisTorrens,C,NYM,18,46,7,11,0,1,1,7,3,10,0,0,0.239,0.286,0.348,0.634,59,5,261,0.226,0.284,0.629,305
264,LuisTorrens,C,NYM,18,46,7,11,0,1,1,7,3,10,0,0,0.239,0.286,0.348,0.634,59,5,261,0.226,0.284,0.629,305
586,AlexCall,RF,WSH,19,39,6,13,4,0,0,7,12,5,1,0,0.333,0.481,0.436,0.917,72,5,270,0.267,0.361,0.746,305
586,EvanCarter,CF,TEX,15,39,2,6,2,0,0,1,3,15,1,0,0.154,0.214,0.205,0.419,48,5,194,0.247,0.336,0.728,305
586,BlaineCrim,1B,TEX,17,18,1,5,1,0,0,3,3,4,0,0,0.278,0.381,0.333,0.714,13,5,65,0.2,0.27,0.732,305
586,NickGonzales,2B,PIT,16,44,2,11,4,0,0,9,3,10,2,1,0.25,0.313,0.341,0.654,99,5,381,0.26,0.299,0.661,305
586,MichaelHelman,2B,STL,16,18,2,2,1,0,0,4,1,6,0,0,0.111,0.24,0.167,0.407,23,5,99,0.232,0.29,0.745,305
586,NolanJones,RF,CLE,19,51,5,12,3,0,0,7,3,14,1,0,0.235,0.278,0.294,0.572,75,5,355,0.211,0.296,0.6,305
586,JakobMarsee,DH,MIA,1,5,1,1,0,0,0,1,0,2,1,0,0.2,0.2,0.2,0.4,61,5,209,0.292,0.363,0.841,305
586,ChaseMeidroth,SS,CWS,17,41,3,6,1,0,0,2,9,10,1,1,0.146,0.3,0.171,0.471,114,5,450,0.253,0.329,0.649,305
586,OswaldPeraza,3B,NYY,21,50,5,8,1,0,0,2,7,14,1,2,0.16,0.263,0.18,0.443,40,5,244,0.164,0.223,0.473,305
586,EdgarQuero,C,CWS,9,16,2,4,0,0,0,0,1,2,0,0,0.25,0.294,0.25,0.544,98,5,365,0.268,0.333,0.689,305
586,CarsonWilliams,SS,TB,12,32,1,9,2,1,0,1,3,9,2,1,0.281,0.343,0.406,0.749,17,5,99,0.172,0.219,0.573,305
16,LaneThomas,CF,CLE,17,45,11,11,1,0,4,16,7,11,2,1,0.244,0.37,0.533,0.903,20,4,125,0.16,0.246,0.518,336
48,JoeyBart,C,PIT,15,40,6,14,2,0,3,10,7,10,0,0,0.35,0.429,0.625,1.054,71,4,285,0.249,0.355,0.695,336
116,MiguelAmaya,C,CHC,9,26,3,13,2,0,2,4,0,5,0,0,0.5,0.519,0.808,1.327,27,4,96,0.281,0.314,0.814,336
116,SamuelBasallo,X,BAL,16,31,5,7,0,1,2,8,2,11,0,0,0.226,0.286,0.484,0.77,18,4,109,0.165,0.229,0.559,336
116,TylerFitzgerald,2B,SF,16,46,8,13,2,2,2,5,4,23,1,0,0.283,0.34,0.543,0.883,47,4,217,0.217,0.278,0.605,336
264,DylanBeavers,RF,BAL,11,19,3,6,1,0,1,3,2,4,0,0,0.316,0.381,0.526,0.907,25,4,110,0.227,0.375,0.775,336
264,TimElko,1B,CWS,12,12,2,1,0,0,1,1,4,5,0,0,0.083,0.353,0.333,0.686,9,4,67,0.134,0.194,0.522,336
264,LukeKeaschall,X,MIN,12,21,4,5,1,0,1,4,4,1,1,0,0.238,0.385,0.429,0.814,55,4,182,0.302,0.382,0.827,336
264,HestonKjerstad,RF,BAL,18,43,6,9,2,0,1,6,8,13,1,0,0.209,0.346,0.326,0.672,30,4,156,0.192,0.24,0.567,336
264,MarceloMayer,SS,BOS,20,36,6,12,0,2,1,11,8,11,0,0,0.333,0.455,0.528,0.983,29,4,127,0.228,0.272,0.674,336
264,AndruwMonasterio,2B,MIL,17,34,10,13,2,2,1,5,6,6,4,2,0.382,0.488,0.647,1.135,34,4,126,0.27,0.319,0.756,336
264,GrahamPauley,3B,MIA,11,28,7,8,1,0,1,5,2,8,2,0,0.286,0.355,0.429,0.784,36,4,161,0.224,0.311,0.677,336
264,LioverPeguero,SS,PIT,10,15,2,2,0,0,1,1,1,4,0,0,0.133,0.188,0.333,0.521,16,4,80,0.2,0.273,0.636,336
264,MylesStraw,CF,TOR,19,30,6,12,2,0,1,6,5,5,1,1,0.4,0.472,0.567,1.039,70,4,267,0.262,0.313,0.68,336
264,TaylorWalls,SS,TB,15,35,7,10,3,1,1,9,6,7,2,0,0.286,0.39,0.514,0.904,62,4,282,0.22,0.28,0.599,336
264,TaylorWalls,SS,TB,15,35,7,10,3,1,1,9,6,7,2,0,0.286,0.39,0.514,0.904,62,4,282,0.22,0.28,0.599,336
264,MasatakaYoshida,DH,BOS,11,35,5,10,1,0,1,7,0,8,0,0,0.286,0.286,0.4,0.686,50,4,188,0.266,0.307,0.695,336
586,WarmingBernabel,1B,COL,5,5,0,1,0,0,0,0,1,1,0,0,0.2,0.333,0.2,0.533,35,4,139,0.252,0.288,0.698,336
586,CarlosCortes,RF,ATH,11,19,1,2,1,0,0,0,1,5,0,0,0.105,0.15,0.158,0.308,29,4,94,0.309,0.323,0.866,336
586,AdrianDel Castillo,C,AZ,9,24,0,3,1,0,0,0,0,12,0,0,0.125,0.125,0.167,0.292,29,4,120,0.242,0.29,0.682,336
586,RyanFitzgerald,SS,MIN,15,12,2,2,0,0,0,0,2,4,1,0,0.167,0.375,0.167,0.542,9,4,46,0.196,0.302,0.759,336
586,BradyHouse,3B,WSH,19,22,5,8,1,0,0,1,4,4,1,0,0.364,0.462,0.409,0.871,61,4,261,0.234,0.252,0.574,336
586,KyleIsbel,CF,KC,16,42,8,9,1,1,0,5,4,10,5,0,0.214,0.292,0.286,0.578,94,4,368,0.255,0.301,0.654,336
586,TroyJohnston,RF,MIA,9,12,3,3,1,0,0,0,5,3,1,0,0.25,0.471,0.333,0.804,31,4,112,0.277,0.331,0.751,336
586,NickLoftin,3B,KC,16,34,4,13,5,0,0,5,10,9,0,0,0.382,0.523,0.529,1.052,35,4,168,0.208,0.278,0.635,336
586,JoeyLoperfido,CF,TOR,14,29,4,6,4,1,0,2,4,9,0,1,0.207,0.303,0.414,0.717,32,4,96,0.333,0.379,0.879,336
586,MatthewLugo,LF,LAA,25,58,9,17,4,3,0,5,2,18,2,0,0.293,0.328,0.466,0.794,16,4,69,0.232,0.243,0.707,336
586,BriceMatthews,2B,HOU,10,16,3,3,1,1,0,2,2,8,0,0,0.188,0.278,0.375,0.653,7,4,42,0.167,0.222,0.674,336
586,JakeMcCarthy,CF,AZ,19,55,8,14,5,1,0,3,3,16,4,0,0.255,0.293,0.382,0.675,42,4,206,0.204,0.247,0.592,336
586,ParkerMeadows,CF,DET,1,2,0,0,0,0,0,0,0,0,0,0,0,0,0,0,41,4,191,0.215,0.291,0.621,336
586,LukeRaley,1B,SEA,14,43,7,13,5,0,0,3,5,11,2,1,0.302,0.375,0.419,0.794,37,4,183,0.202,0.319,0.63,336
586,JohnRave,CF,KC,16,31,6,9,0,1,0,4,3,10,4,0,0.29,0.371,0.355,0.726,30,4,153,0.196,0.283,0.59,336
586,DaltonRushing,X,LAD,13,10,2,2,1,0,0,2,9,4,0,0,0.2,0.619,0.3,0.919,29,4,142,0.204,0.258,0.582,336
586,JoseTrevino,C,CIN,14,36,2,5,2,0,0,4,2,7,0,0,0.139,0.205,0.194,0.399,67,4,282,0.238,0.272,0.623,336
586,ColeYoung,DH,SEA,13,21,2,4,1,0,0,1,1,6,0,0,0.19,0.227,0.238,0.465,47,4,223,0.211,0.302,0.607,336
586,JaredYoung,1B,NYM,10,19,1,4,0,0,0,2,3,5,0,0,0.211,0.348,0.211,0.559,8,4,43,0.186,0.234,0.722,336
16,LeodyTaveras,CF,TEX,20,51,9,10,1,0,4,7,5,10,4,1,0.196,0.268,0.451,0.719,35,3,171,0.205,0.226,0.53,377
48,JakeMeyers,CF,HOU,15,36,4,11,2,0,3,7,1,9,1,0,0.306,0.324,0.611,0.935,100,3,343,0.292,0.354,0.727,377
116,TristonCasas,1B,BOS,16,41,4,8,1,0,2,5,9,16,0,0,0.195,0.34,0.366,0.706,18,3,99,0.182,0.277,0.58,377
116,TristanGray,SS,CWS,14,27,3,8,4,0,2,7,1,10,0,0,0.296,0.31,0.667,0.977,18,3,78,0.231,0.282,0.692,377
116,DerekHill,CF,MIA,17,51,5,11,2,0,2,4,8,19,1,1,0.216,0.317,0.373,0.69,29,3,134,0.216,0.281,0.609,377
116,EdouardJulien,2B,MIN,19,57,10,16,4,0,2,10,6,13,0,0,0.281,0.349,0.456,0.805,40,3,182,0.22,0.309,0.633,377
116,JakeMangum,LF,TB,15,28,5,12,3,0,2,9,2,3,1,2,0.429,0.467,0.75,1.217,120,3,405,0.296,0.33,0.698,377
116,IldemaroVargas,2B,AZ,19,48,10,18,6,0,2,10,3,4,1,0,0.375,0.434,0.625,1.059,31,3,115,0.27,0.292,0.675,377
116,JoeyWiemer,CF,KC,22,38,12,10,2,0,2,9,6,15,3,1,0.263,0.364,0.474,0.838,13,3,55,0.236,0.279,0.715,377
264,MaximoAcosta,SS,MIA,6,11,1,3,0,0,1,1,3,3,0,1,0.273,0.429,0.545,0.974,11,3,54,0.204,0.295,0.684,377
264,RobertHassell,CF,WSH,21,46,7,17,5,0,1,5,3,8,2,1,0.37,0.408,0.543,0.951,44,3,197,0.223,0.257,0.572,377
264,CarterJensen,X,KC,12,20,2,2,1,0,1,2,4,5,1,0,0.1,0.25,0.3,0.55,18,3,60,0.3,0.391,0.941,377
264,HyeseongKim,SS,LAD,15,29,6,6,0,0,1,3,4,11,2,0,0.207,0.303,0.31,0.613,45,3,161,0.28,0.314,0.699,377
264,ChristianKoss,SS,SF,28,41,12,14,4,0,1,5,5,7,1,2,0.341,0.426,0.512,0.938,46,3,174,0.264,0.309,0.677,377
264,WillieMacIver,C,ATH,14,15,1,2,1,0,1,4,5,7,0,0,0.133,0.318,0.4,0.718,19,3,102,0.186,0.252,0.576,377
264,CurtisMead,3B,TB,16,42,8,22,1,0,1,5,6,6,1,1,0.524,0.608,0.619,1.227,56,3,240,0.233,0.299,0.62,377
264,JakeRogers,C,DET,15,37,4,7,2,0,1,5,3,14,0,0,0.189,0.244,0.324,0.568,23,3,123,0.187,0.277,0.61,377
264,DonovanSolano,3B,SEA,12,35,2,11,2,0,1,3,3,4,0,0,0.314,0.368,0.457,0.825,41,3,166,0.247,0.291,0.628,377
264,JackSuwinski,LF,PIT,14,40,4,15,6,0,1,9,4,10,4,1,0.375,0.422,0.6,1.022,22,3,150,0.147,0.281,0.534,377
586,OrlandoArcia,SS,ATL,18,37,1,5,0,0,0,2,4,2,0,0,0.135,0.233,0.135,0.368,41,3,203,0.202,0.238,0.529,377
586,GustavoCampero,RF,LAA,13,20,3,6,1,0,0,2,3,5,1,0,0.3,0.391,0.35,0.741,10,3,58,0.172,0.273,0.618,377
586,DenzelClarke,CF,ATH,10,18,2,3,0,0,0,1,4,8,0,0,0.167,0.318,0.167,0.485,34,3,148,0.23,0.274,0.646,377
586,XavierEdwards,SS,MIA,18,52,8,16,6,0,0,9,11,9,3,2,0.308,0.438,0.423,0.861,159,3,561,0.283,0.343,0.696,377
586,ThairoEstrada,2B,COL,14,35,3,14,0,1,0,7,0,5,3,0,0.4,0.421,0.457,0.878,39,3,154,0.253,0.285,0.655,377
586,CodyFreeman,DH,TEX,11,14,1,2,1,0,0,0,0,3,0,0,0.143,0.143,0.214,0.357,26,3,114,0.228,0.258,0.6,377
586,TylerHeineman,C,TOR,11,22,1,5,1,0,0,2,2,3,1,0,0.227,0.308,0.273,0.581,43,3,149,0.289,0.361,0.777,377
586,CooperHummel,X,HOU,17,38,7,12,5,0,0,3,7,9,2,0,0.316,0.435,0.447,0.882,15,3,88,0.17,0.298,0.571,377
586,JoseIglesias,2B,SD,12,26,2,5,1,0,0,2,0,4,0,0,0.192,0.192,0.231,0.423,70,3,306,0.229,0.298,0.592,377
586,TylerLocklear,1B,SEA,11,18,3,4,2,0,0,3,1,6,1,0,0.222,0.3,0.333,0.633,18,3,103,0.175,0.267,0.529,377
586,MichaelMassey,2B,KC,19,49,9,20,6,1,0,6,6,5,1,3,0.408,0.483,0.571,1.054,64,3,262,0.244,0.268,0.581,377
586,JoshuaPalacios,RF,PIT,9,19,2,4,0,0,0,0,2,4,0,0,0.211,0.286,0.211,0.497,26,3,128,0.203,0.292,0.597,377
586,JustinTurner,1B,CHC,10,27,2,7,0,0,0,0,1,4,0,0,0.259,0.31,0.259,0.569,37,3,169,0.219,0.288,0.602,377
16,MattGorski,X,PIT,18,25,7,9,2,0,4,13,1,7,2,0,0.36,0.37,0.92,1.29,8,2,41,0.195,0.214,0.604,413
16,NickMaton,2B,CWS,19,38,9,11,1,0,4,5,3,9,0,0,0.289,0.357,0.632,0.989,9,2,54,0.167,0.286,0.601,413
48,J.C.Escarra,C,NYY,19,53,7,16,2,0,3,8,2,12,0,0,0.302,0.339,0.509,0.848,17,2,84,0.202,0.296,0.629,413
48,KeibertRuiz,C,WSH,15,45,6,13,1,0,3,11,2,5,2,0,0.289,0.32,0.511,0.831,63,2,255,0.247,0.277,0.595,413
116,ZachDezenzo,RF,HOU,18,46,8,18,5,0,2,7,4,14,1,0,0.391,0.44,0.63,1.07,24,2,98,0.245,0.321,0.688,413
116,JerarEncarnacion,LF,SF,20,53,4,16,7,0,2,14,1,12,0,0,0.302,0.309,0.547,0.856,11,2,55,0.2,0.214,0.578,413
116,TylerFreeman,2B,COL,18,47,6,14,4,2,2,6,5,7,2,0,0.298,0.4,0.596,0.996,106,2,377,0.281,0.354,0.715,413
116,MickeyGasper,2B,MIN,17,39,8,12,1,0,2,6,8,5,1,0,0.308,0.417,0.487,0.904,15,2,95,0.158,0.257,0.489,413
116,ZackGelof,2B,ATH,15,37,7,11,1,0,2,8,4,16,0,1,0.297,0.395,0.486,0.881,16,2,92,0.174,0.23,0.502,413
116,SamHilliard,CF,COL,22,51,4,7,1,0,2,4,4,27,1,1,0.137,0.214,0.275,0.489,10,2,51,0.196,0.328,0.74,413
116,SamHuff,C,SF,15,32,6,10,1,0,2,4,7,14,0,0,0.313,0.463,0.531,0.994,11,2,53,0.208,0.259,0.599,413
116,JarredKelenic,RF,ATL,18,46,4,9,1,1,2,5,5,14,0,1,0.196,0.275,0.391,0.666,10,2,60,0.167,0.231,0.531,413
116,EversonPereira,DH,NYY,12,25,6,7,0,0,2,3,4,10,2,0,0.28,0.406,0.52,0.926,9,2,65,0.138,0.219,0.465,413
116,AlanRoden,LF,TOR,20,27,8,11,2,0,2,6,6,4,0,0,0.407,0.541,0.704,1.245,26,2,136,0.191,0.261,0.555,413
116,ZackShort,SS,HOU,18,33,7,4,2,0,2,4,6,15,3,0,0.121,0.256,0.364,0.62,11,2,50,0.22,0.291,0.671,413
116,LaMonteWade,1B,SF,18,42,10,10,4,0,2,6,11,15,0,0,0.238,0.411,0.476,0.887,35,2,209,0.167,0.271,0.525,413
264,JeimerCandelario,3B,CIN,15,38,6,10,2,0,1,8,6,6,0,1,0.263,0.364,0.395,0.759,9,2,80,0.113,0.198,0.411,413
264,GriffinConine,LF,MIA,17,50,9,14,2,0,1,7,5,15,0,0,0.28,0.357,0.38,0.737,20,2,79,0.253,0.314,0.732,413
264,AlexFreeland,DH,LAD,8,10,3,3,0,0,1,1,0,6,0,0,0.3,0.417,0.6,1.017,16,2,84,0.19,0.292,0.602,413
264,DaShawnKeirsey,RF,MIN,19,42,7,12,1,0,1,8,6,10,3,1,0.286,0.38,0.381,0.761,9,2,84,0.107,0.138,0.317,413
264,AlejandroOsuna,LF,TEX,24,35,3,15,5,1,1,7,7,7,2,1,0.429,0.523,0.714,1.237,32,2,151,0.212,0.313,0.591,413
264,ThomasSaggese,3B,STL,13,30,5,8,1,0,1,2,3,9,0,0,0.267,0.333,0.4,0.733,71,2,275,0.258,0.299,0.641,413
264,MaxSchuemann,X,ATH,19,46,6,10,5,0,1,5,4,7,1,1,0.217,0.308,0.391,0.699,36,2,183,0.197,0.295,0.568,413
264,TyroneTaylor,CF,NYM,16,47,5,10,4,0,1,4,4,9,0,0,0.213,0.302,0.362,0.664,69,2,310,0.223,0.279,0.598,413
264,EnmanuelValdez,3B,PIT,13,22,3,5,1,0,1,4,9,5,0,0,0.227,0.438,0.409,0.847,19,2,91,0.209,0.294,0.657,413
264,EnmanuelValdez,3B,PIT,13,22,3,5,1,0,1,4,9,5,0,0,0.227,0.438,0.409,0.847,19,2,91,0.209,0.294,0.657,413
264,JacobYoung,CF,WSH,19,49,8,12,2,0,1,4,5,9,5,0,0.245,0.315,0.347,0.662,75,2,324,0.231,0.296,0.583,413
586,NachoAlvarez,3B,ATL,3,6,0,0,0,0,0,0,1,2,0,0,0,0.143,0,0.143,44,2,188,0.234,0.296,0.626,413
586,JonatanClase,X,TOR,9,14,1,1,1,0,0,0,2,5,2,0,0.071,0.188,0.143,0.331,21,2,100,0.21,0.288,0.588,413
586,DenzerGuzman,SS,LAA,11,9,2,1,0,1,0,1,6,3,0,0,0.111,0.467,0.333,0.8,8,2,42,0.19,0.209,0.566,413
586,EricHaase,C,MIL,11,32,1,7,1,0,0,4,3,9,1,0,0.219,0.27,0.25,0.52,16,2,70,0.229,0.289,0.646,413
586,SamHaggerty,DH,TEX,16,36,4,8,3,1,0,5,3,9,1,0,0.222,0.282,0.361,0.643,41,2,162,0.253,0.328,0.698,413
586,DarellHernaiz,2B,ATH,20,36,3,7,0,2,0,7,6,7,1,0,0.194,0.302,0.306,0.608,40,2,173,0.231,0.292,0.598,413
586,JoseHerrera,C,AZ,12,33,2,10,2,0,0,4,4,4,0,0,0.303,0.378,0.364,0.742,31,2,166,0.187,0.285,0.544,413
586,JasonHeyward,LF,SD,18,35,8,5,2,1,0,6,5,9,0,0,0.143,0.25,0.257,0.507,15,2,85,0.176,0.223,0.494,413
586,ReceHinds,RF,CIN,8,14,3,3,0,2,0,1,2,6,0,1,0.214,0.313,0.5,0.813,5,2,43,0.116,0.136,0.415,413
586,IsiahKiner-Falefa,SS,PIT,17,44,2,13,2,0,0,2,4,10,1,1,0.295,0.354,0.341,0.695,113,2,431,0.262,0.297,0.631,413
586,DJLeMahieu,DH,NYY,1,2,0,0,0,0,0,0,0,1,0,0,0,0,0,0,34,2,128,0.266,0.338,0.674,413
586,KevinNewman,SS,LAA,19,39,1,8,1,0,0,4,5,7,2,0,0.205,0.311,0.231,0.542,23,2,114,0.202,0.209,0.481,413
586,LeoRivas,SS,SEA,12,20,1,4,0,0,0,2,4,8,0,0,0.2,0.346,0.2,0.546,22,2,90,0.244,0.387,0.72,413
586,BrendanRodgers,2B,HOU,15,43,4,10,5,0,0,8,1,6,0,0,0.233,0.25,0.349,0.599,22,2,115,0.191,0.266,0.544,413
586,JoshRojas,2B,CWS,11,32,6,10,3,0,0,2,2,6,2,0,0.313,0.353,0.406,0.759,34,2,189,0.18,0.252,0.511,413
586,ChrisTaylor,X,LAD,15,39,5,8,3,0,0,2,2,16,0,0,0.205,0.262,0.282,0.544,21,2,113,0.186,0.256,0.557,413
1,VinnyCapra,2B,MIL,19,48,8,14,3,0,6,14,5,14,2,0,0.292,0.358,0.729,1.087,12,1,96,0.125,0.157,0.334,459
48,SeanBouchard,RF,COL,22,51,8,17,4,1,3,9,3,15,0,1,0.333,0.386,0.627,1.013,11,1,66,0.167,0.247,0.489,459
48,NateEaton,CF,BOS,21,37,11,10,2,1,3,7,8,16,4,0,0.27,0.4,0.622,1.022,24,1,81,0.296,0.348,0.731,459
48,VictorRobles,RF,SEA,18,55,8,16,2,0,3,10,2,11,2,1,0.291,0.35,0.491,0.841,26,1,106,0.245,0.281,0.611,459
116,JoseBarrero,SS,STL,24,44,4,10,3,0,2,8,4,12,4,0,0.227,0.292,0.432,0.724,4,1,29,0.138,0.194,0.47,459
116,TrentonBrooks,1B,SD,18,35,7,11,5,0,2,7,2,5,0,0,0.314,0.359,0.629,0.988,6,1,41,0.146,0.186,0.454,459
116,OswaldoCabrera,3B,NYY,19,54,5,15,1,0,2,3,4,9,2,1,0.278,0.328,0.407,0.735,26,1,107,0.243,0.322,0.63,459
116,BlakeDunn,CF,CIN,24,47,5,16,3,1,2,8,4,11,1,0,0.34,0.404,0.574,0.978,9,1,60,0.15,0.32,0.553,459
116,DustinHarris,LF,TEX,24,46,8,11,2,0,2,7,1,14,2,1,0.239,0.25,0.413,0.663,8,1,40,0.2,0.256,0.606,459
116,NickMartini,DH,COL,18,41,4,16,1,0,2,4,7,6,2,0,0.39,0.5,0.561,1.061,23,1,102,0.225,0.288,0.582,459
116,MJMelendez,LF,KC,19,54,6,13,1,2,2,8,5,18,1,1,0.241,0.305,0.444,0.749,5,1,60,0.083,0.154,0.321,459
116,JohanRojas,DH,PHI,17,48,8,14,3,0,2,9,2,13,2,0,0.292,0.346,0.479,0.825,34,1,152,0.224,0.28,0.569,459
116,TylerTolbert,SS,KC,19,39,11,12,3,0,2,10,3,11,7,0,0.308,0.349,0.538,0.887,14,1,50,0.28,0.321,0.701,459
116,ZacVeen,RF,COL,28,63,13,17,4,1,2,11,7,21,9,1,0.27,0.352,0.46,0.812,4,1,34,0.118,0.189,0.424,459
264,CavanBiggio,1B,KC,17,33,4,6,2,0,1,3,12,7,0,0,0.182,0.449,0.333,0.782,12,1,69,0.174,0.296,0.542,459
264,MarkCanha,1B,KC,12,30,4,7,1,0,1,3,4,5,0,0,0.233,0.343,0.367,0.71,24,1,113,0.212,0.272,0.537,459
264,LoganDavidson,1B,ATH,20,35,3,13,2,1,1,8,4,10,1,1,0.371,0.436,0.571,1.007,7,1,42,0.167,0.222,0.508,459
264,DominicFletcher,CF,CWS,14,33,1,4,0,0,1,4,2,9,0,0,0.121,0.211,0.212,0.423,7,1,32,0.219,0.265,0.734,459
264,LukeMaile,C,KC,10,21,5,7,2,0,1,3,0,4,1,0,0.333,0.391,0.571,0.962,11,1,45,0.244,0.346,0.702,459
264,Justyn-HenryMalloy,1B,DET,22,55,10,17,3,0,1,7,5,12,1,2,0.309,0.387,0.418,0.805,23,1,104,0.221,0.346,0.654,459
264,ChasMcCormick,LF,HOU,16,34,4,6,1,0,1,5,11,4,4,1,0.176,0.404,0.294,0.698,21,1,100,0.21,0.279,0.569,459
264,JoseMiranda,3B,MIN,19,54,5,12,2,0,1,9,6,10,1,0,0.222,0.29,0.315,0.605,6,1,36,0.167,0.167,0.417,459
264,RyanNoda,1B,LAA,25,33,6,6,3,0,1,1,15,18,1,0,0.182,0.449,0.364,0.813,5,1,47,0.106,0.276,0.446,459
264,BenRortvedt,C,TB,14,35,2,4,0,0,1,5,3,13,0,0,0.114,0.179,0.2,0.379,17,1,112,0.152,0.24,0.445,459
264,BobSeymour,1B,TB,16,31,4,10,3,0,1,6,4,6,1,1,0.323,0.4,0.516,0.916,16,1,78,0.205,0.253,0.535,459
264,ShayWhitcomb,2B,HOU,13,26,4,6,0,0,1,3,1,11,1,0,0.231,0.259,0.346,0.605,4,1,32,0.125,0.125,0.344,459
264,ShayWhitcomb,2B,HOU,13,26,4,6,0,0,1,3,1,11,1,0,0.231,0.259,0.346,0.605,4,1,32,0.125,0.125,0.344,459
264,BrettWisely,2B,SF,24,44,4,13,4,0,1,6,6,14,2,1,0.295,0.38,0.455,0.835,10,1,54,0.185,0.279,0.594,459
586,AdaelAmador,2B,COL,17,30,5,9,2,0,0,10,9,5,0,2,0.3,0.475,0.367,0.842,20,1,113,0.177,0.256,0.521,459
586,JorgeBarrosa,CF,AZ,11,25,8,8,2,1,0,1,3,10,2,0,0.32,0.433,0.48,0.913,10,1,71,0.141,0.169,0.394,459
586,RyanBliss,2B,SEA,17,39,13,12,4,1,0,2,1,10,2,1,0.308,0.325,0.462,0.787,7,1,35,0.2,0.282,0.596,459
586,SethBrown,1B,ATH,18,44,6,7,2,1,0,8,6,14,1,0,0.159,0.26,0.25,0.51,12,1,65,0.185,0.303,0.565,459
586,DazCameron,LF,BAL,18,31,8,11,3,0,0,8,2,6,1,1,0.355,0.4,0.452,0.852,8,1,41,0.195,0.214,0.507,459
586,NathanChurch,CF,STL,20,16,2,1,0,0,0,1,7,1,1,0,0.063,0.375,0.063,0.438,10,1,56,0.179,0.254,0.504,459
586,JimmyCrooks,C,STL,6,8,0,0,0,0,0,0,2,4,0,0,0,0.2,0,0.2,6,1,45,0.133,0.152,0.396,459
586,BraxtonFulford,C,COL,14,15,0,3,1,0,0,0,2,5,0,0,0.2,0.294,0.267,0.561,23,1,108,0.213,0.267,0.591,459
586,LeoJimenez,SS,TOR,15,26,5,5,2,0,0,1,7,4,0,0,0.192,0.382,0.269,0.651,2,1,29,0.069,0.129,0.301,459
586,BryceJohnson,CF,PIT,19,31,2,7,1,0,0,3,1,8,1,1,0.226,0.242,0.258,0.5,26,1,76,0.342,0.383,0.817,459
586,KyleKarros,3B,COL,17,37,8,9,2,0,0,6,4,11,0,0,0.243,0.317,0.297,0.614,31,1,137,0.226,0.308,0.585,459
586,AndrewKnizner,C,WSH,14,25,2,3,0,0,0,0,2,5,0,0,0.12,0.214,0.12,0.334,17,1,77,0.221,0.299,0.598,459
586,KoreyLee,C,CWS,13,32,4,12,3,1,0,5,1,4,1,1,0.375,0.394,0.531,0.925,9,1,35,0.257,0.333,0.762,459
586,AustinMartin,LF,MIN,16,39,7,11,2,0,0,5,3,6,3,0,0.282,0.341,0.333,0.674,44,1,156,0.282,0.374,0.739,459
586,MilesMastrobuoni,3B,SEA,20,35,7,15,3,1,0,7,5,3,1,0,0.429,0.488,0.571,1.059,38,1,152,0.25,0.324,0.62,459
586,JorgeMateo,2B,BAL,5,11,0,1,0,0,0,1,2,5,0,0,0.091,0.231,0.091,0.322,14,1,79,0.177,0.217,0.483,459
586,BrianNavarreto,C,MIA,2,3,0,2,0,0,0,0,0,0,0,0,0.667,0.667,0.667,1.334,4,1,14,0.286,0.267,0.91,459
586,RichiePalacios,CF,TB,15,38,5,8,2,1,0,2,5,7,1,3,0.211,0.318,0.316,0.634,14,1,42,0.333,0.396,0.848,459
586,RyanRitter,SS,COL,11,10,3,2,0,0,0,1,2,5,0,0,0.2,0.385,0.2,0.585,45,1,187,0.241,0.296,0.633,459
586,EsteuryRuiz,LF,ATH,17,33,3,4,1,0,0,0,1,16,2,0,0.121,0.171,0.152,0.323,4,1,21,0.19,0.261,0.594,459
586,BryceTeodosio,LF,LAA,8,8,0,0,0,0,0,2,1,2,1,0,0,0.091,0,0.091,28,1,138,0.203,0.248,0.552,459
586,MattThaiss,C,CWS,13,37,2,12,6,0,0,2,3,6,0,0,0.324,0.375,0.486,0.861,34,1,156,0.218,0.349,0.637,459
586,ChadwickTromp,C,ATL,16,34,1,5,1,0,0,4,1,8,0,0,0.147,0.171,0.176,0.347,3,1,21,0.143,0.182,0.515,459
586,MattVierling,CF,DET,1,2,0,1,0,0,0,0,1,0,0,0,0.5,0.667,0.5,1.167,21,1,88,0.239,0.31,0.617,459
586,JorbitVivas,2B,NYY,11,26,2,11,2,0,0,3,1,6,1,1,0.423,0.444,0.5,0.944,9,1,56,0.161,0.266,0.516,459
586,DrewWaters,CF,KC,19,32,5,6,3,2,0,4,6,18,2,0,0.188,0.316,0.406,0.722,50,1,206,0.243,0.288,0.604,459
586,BenWilliamson,3B,SEA,11,16,2,6,0,1,0,4,2,3,1,0,0.375,0.474,0.5,0.974,70,1,277,0.253,0.294,0.604,459
586,JesseWinker,LF,NYM,16,34,3,9,3,0,0,3,8,7,0,0,0.265,0.405,0.353,0.758,16,1,70,0.229,0.309,0.709,459
586,NickYorke,2B,PIT,14,34,3,7,2,0,0,2,6,10,0,0,0.206,0.31,0.265,0.575,16,1,69,0.232,0.264,0.583,459
16,LukenBaker,DH,STL,19,44,5,12,0,0,4,8,9,8,0,0,0.273,0.389,0.545,0.934,8,0,34,0.235,0.366,0.69,523
16,GageWorkman,3B,CHC,20,44,8,16,1,1,4,15,5,14,3,3,0.364,0.42,0.705,1.125,3,0,16,0.188,0.235,0.485,523
48,NickAhmed,SS,TEX,15,34,10,11,2,0,3,8,1,12,1,0,0.324,0.361,0.647,1.008,0,0,9,0,0.1,0.1,523
48,BuddyKennedy,3B,PHI,22,40,8,6,1,0,3,7,10,12,0,0,0.15,0.327,0.4,0.727,2,0,29,0.069,0.156,0.259,523
48,JoseSiri,CF,NYM,16,42,6,9,1,0,3,11,5,15,3,1,0.214,0.306,0.452,0.758,2,0,32,0.063,0.167,0.292,523
48,DavidVillar,1B,SF,23,45,6,9,2,0,3,5,4,18,0,0,0.2,0.265,0.444,0.709,4,0,20,0.2,0.36,0.61,523
116,WillBanfield,C,CIN,17,21,4,4,1,1,2,5,1,11,0,0,0.19,0.25,0.619,0.869,1,0,10,0.1,0.1,0.2,523
116,WillBrennan,RF,CLE,16,45,5,11,2,0,2,6,2,5,1,0,0.244,0.292,0.422,0.714,1,0,11,0.091,0.231,0.322,523
116,OliverDunn,3B,MIL,17,50,12,17,5,0,2,3,5,15,5,0,0.34,0.4,0.56,0.96,6,0,36,0.167,0.205,0.427,523
116,RyanKreidler,CF,DET,21,38,9,9,2,2,2,4,10,10,2,0,0.237,0.388,0.553,0.941,4,0,38,0.105,0.19,0.295,523
116,MasonMcCoy,SS,SD,21,33,7,9,2,0,2,5,5,9,1,0,0.273,0.368,0.515,0.883,3,0,22,0.136,0.269,0.451,523
116,PabloReyes,RF,NYY,19,45,8,14,1,0,2,5,9,10,2,1,0.311,0.418,0.467,0.885,6,0,31,0.194,0.242,0.468,523
116,EmmanuelRivera,3B,BAL,12,30,5,9,2,0,2,4,1,7,0,0,0.3,0.323,0.567,0.89,30,0,120,0.25,0.291,0.574,523
116,WillRobertson,RF,TOR,9,11,4,4,0,0,2,3,2,5,0,0,0.364,0.462,0.909,1.371,9,0,70,0.129,0.173,0.316,523
116,EddieRosario,RF,LAD,12,26,2,4,1,0,2,5,3,8,1,0,0.154,0.241,0.423,0.664,1,0,8,0.125,0.125,0.25,523
116,NickSogard,3B,BOS,26,52,13,13,4,0,2,6,7,16,2,0,0.25,0.339,0.442,0.781,25,0,96,0.26,0.317,0.661,523
116,JacobStallings,C,COL,13,31,6,9,2,0,2,9,1,8,0,0,0.29,0.333,0.548,0.881,16,0,119,0.134,0.195,0.363,523
116,JackWinkler,SS,MIA,12,10,5,5,2,0,2,5,4,2,1,0,0.5,0.643,1.3,1.943,4,0,16,0.25,0.25,0.625,523
116,ConnorWong,C,BOS,12,27,5,4,0,0,2,3,4,12,1,1,0.148,0.25,0.37,0.62,32,0,168,0.19,0.262,0.5,523
264,CJAlexander,DH,ATH,20,36,3,7,0,0,1,7,7,9,0,0,0.194,0.326,0.278,0.604,3,0,17,0.176,0.176,0.352,523
264,JorgeAlfaro,C,MIL,11,26,4,7,3,0,1,7,2,9,0,0,0.269,0.387,0.5,0.887,10,0,39,0.256,0.256,0.564,523
264,GregAllen,LF,CHC,13,27,6,9,1,1,1,6,2,7,1,0,0.333,0.4,0.556,0.956,0,0,14,0,0,0,523
264,NickAllen,SS,ATL,17,39,6,14,2,0,1,5,2,7,0,0,0.359,0.395,0.487,0.882,82,0,371,0.221,0.284,0.535,523
264,TimAnderson,SS,LAA,22,60,4,15,1,0,1,3,4,12,3,0,0.25,0.297,0.317,0.614,17,0,83,0.205,0.258,0.499,523
264,DrewAvans,CF,ATH,23,42,11,12,4,0,1,2,5,13,4,0,0.286,0.375,0.452,0.827,2,0,17,0.118,0.111,0.229,523
264,Ji HwanBae,CF,PIT,20,42,13,16,6,0,1,4,3,9,3,2,0.381,0.422,0.595,1.017,1,0,20,0.05,0.24,0.29,523
264,StewardBerroa,X,TOR,17,36,5,10,2,0,1,4,1,10,3,1,0.278,0.297,0.417,0.714,0,0,5,0,0.167,0.167,523
264,TylerBlack,DH,MIL,12,34,8,5,1,0,1,5,8,5,2,0,0.147,0.326,0.265,0.591,2,0,8,0.25,0.538,0.913,523
264,DaironBlanco,LF,KC,11,21,6,7,0,1,1,3,1,5,3,0,0.333,0.348,0.571,0.919,1,0,6,0.167,0.167,0.5,523
264,RobBrantly,C,MIA,15,24,3,5,0,0,1,5,3,7,0,0,0.208,0.321,0.333,0.654,3,0,7,0.429,0.429,0.858,523
264,JonahBride,1B,MIA,16,41,8,8,1,1,1,3,11,6,0,0,0.195,0.37,0.341,0.711,19,0,112,0.17,0.248,0.436,523
264,KrisBryant,DH,COL,14,31,4,4,1,0,1,2,7,8,0,0,0.129,0.308,0.258,0.566,6,0,39,0.154,0.195,0.4,523
264,LuisCampusano,C,SD,14,28,2,6,0,0,1,4,1,5,0,0,0.214,0.241,0.321,0.562,0,0,21,0,0.222,0.222,523
264,Tsung-CheCheng,SS,PIT,14,17,4,6,2,0,1,2,2,3,0,1,0.353,0.4,0.647,1.047,0,0,7,0,0,0,523
264,BillyCook,CF,PIT,15,25,4,4,0,0,1,1,8,9,2,1,0.16,0.364,0.28,0.644,2,0,6,0.333,0.333,0.666,523
264,J.D.Davis,DH,LAA,26,47,4,12,4,0,1,4,5,21,0,0,0.255,0.327,0.404,0.731,1,0,9,0.111,0.111,0.222,523
264,BryanDe La Cruz,RF,ATL,19,46,5,14,3,0,1,6,4,9,1,0,0.304,0.36,0.435,0.795,9,0,47,0.191,0.24,0.453,523
264,BryceEldridge,X,SF,8,11,2,2,0,0,1,2,1,8,0,0,0.182,0.25,0.455,0.705,3,0,28,0.107,0.297,0.476,523
264,SantiagoEspinal,SS,CIN,19,46,7,11,3,1,1,2,4,8,2,1,0.239,0.314,0.413,0.727,73,0,301,0.243,0.292,0.574,523
264,HunterFeduccia,C,LAD,13,24,2,7,3,0,1,8,2,6,0,0,0.292,0.346,0.542,0.888,13,0,88,0.148,0.267,0.472,523
264,HarryFord,C,SEA,12,19,5,8,1,0,1,6,5,3,3,0,0.421,0.538,0.632,1.17,1,0,6,0.167,0.25,0.417,523
264,YuliGurriel,1B,SD,16,36,2,11,3,0,1,6,1,7,0,0,0.306,0.342,0.472,0.814,4,0,36,0.111,0.2,0.339,523
264,CoreyJulks,LF,CWS,18,33,4,6,1,1,1,2,5,12,0,0,0.182,0.289,0.364,0.653,3,0,12,0.25,0.231,0.648,523
264,JaceJung,3B,DET,14,33,3,4,2,0,1,1,4,10,0,0,0.121,0.216,0.273,0.489,5,0,47,0.106,0.236,0.342,523
264,JordanLawlar,3B,AZ,13,34,6,10,3,1,1,4,4,8,2,0,0.294,0.368,0.529,0.897,12,0,66,0.182,0.257,0.545,523
264,GrantMcCray,CF,SF,27,47,11,12,2,1,1,5,9,18,5,1,0.255,0.386,0.404,0.79,2,0,22,0.091,0.16,0.342,523
264,GarrettMitchell,CF,MIL,17,49,5,11,3,0,1,6,6,20,3,0,0.224,0.309,0.347,0.656,14,0,68,0.206,0.286,0.58,523
264,CocoMontes,SS,TB,18,37,5,11,1,0,1,5,5,10,1,0,0.297,0.395,0.405,0.8,2,0,10,0.2,0.2,0.4,523
264,TirsoOrnelas,X,SD,23,51,5,15,5,0,1,3,6,6,0,1,0.294,0.368,0.451,0.819,1,0,14,0.071,0.188,0.259,523
264,JhonnyPereda,C,ATH,18,37,4,8,2,0,1,7,5,7,0,0,0.216,0.318,0.351,0.669,17,0,69,0.246,0.325,0.658,523
264,TristanPeters,LF,TB,17,31,6,12,3,0,1,2,1,4,0,2,0.387,0.394,0.581,0.975,0,0,12,0,0,0,523
264,KevinPillar,RF,TEX,18,44,3,12,2,0,1,9,3,7,2,1,0.273,0.32,0.386,0.706,9,0,43,0.209,0.209,0.465,523
264,HunterRenfroe,RF,KC,15,37,5,11,4,1,1,11,4,7,1,0,0.297,0.381,0.541,0.922,18,0,99,0.182,0.241,0.483,523
264,HaydenSenger,C,NYM,14,24,2,5,1,0,1,2,2,6,0,0,0.208,0.296,0.375,0.671,13,0,72,0.181,0.221,0.415,523
264,NickSolak,2B,PIT,18,29,7,9,3,0,1,4,2,3,2,0,0.31,0.344,0.517,0.861,1,0,11,0.091,0.091,0.182,523
264,CalStevenson,RF,PHI,18,39,6,7,3,0,1,6,7,19,1,1,0.179,0.313,0.333,0.646,2,0,8,0.25,0.25,0.5,523
264,SamadTaylor,CF,SEA,12,24,5,8,2,0,1,7,0,5,4,0,0.333,0.333,0.542,0.875,1,0,8,0.125,0.125,0.25,523
264,RyanVilade,RF,STL,18,35,2,8,1,0,1,4,3,15,0,0,0.229,0.325,0.343,0.668,1,0,13,0.077,0.2,0.277,523
264,TylerWade,3B,SD,19,43,4,9,1,1,1,6,4,8,1,2,0.209,0.292,0.349,0.641,22,0,107,0.206,0.309,0.561,523
264,ChadWallach,C,TEX,12,15,4,4,2,0,1,1,1,4,0,0,0.267,0.313,0.6,0.913,0,0,0,0,0,0,523
264,DonovanWalton,SS,NYM,18,35,4,6,1,0,1,5,7,6,1,0,0.171,0.326,0.286,0.612,1,0,8,0.125,0.125,0.25,523
264,RyanVilade,RF,STL,18,35,2,8,1,0,1,4,3,15,0,0,0.229,0.325,0.343,0.668,1,0,13,0.077,0.2,0.277,523
264,TylerWade,3B,SD,19,43,4,9,1,1,1,6,4,8,1,2,0.209,0.292,0.349,0.641,22,0,107,0.206,0.309,0.561,523
264,ChadWallach,C,TEX,12,15,4,4,2,0,1,1,1,4,0,0,0.267,0.313,0.6,0.913,0,0,0,0,0,0,523
264,DonovanWalton,SS,NYM,18,35,4,6,1,0,1,5,7,6,1,0,0.171,0.326,0.286,0.612,1,0,8,0.125,0.125,0.25,523
264,LukeWilliams,2B,ATL,17,33,5,5,1,0,1,3,4,9,3,1,0.152,0.237,0.273,0.51,4,0,31,0.129,0.176,0.37,523
264,WillWilson,3B,CLE,20,36,7,11,4,0,1,7,2,12,2,1,0.306,0.333,0.5,0.833,15,0,78,0.192,0.267,0.511,523
586,JordynAdams,CF,BAL,9,11,0,2,1,0,0,4,0,4,0,0,0.182,0.182,0.273,0.455,0,0,5,0,0,0,523
586,ZachAgnos,P,COL,9,0,0,0,0,0,0,0,0,0,0,0,0,0,0,0,0,0,0,0,0,0,523
586,KevinAlcantara,RF,CHC,13,28,5,7,3,0,0,4,2,12,1,0,0.25,0.3,0.357,0.657,4,0,11,0.364,0.417,0.781,523
586,JacobAmaya,SS,CWS,15,27,4,6,3,0,0,1,7,11,0,0,0.222,0.382,0.333,0.715,7,0,66,0.106,0.139,0.26,523
586,AustinBarnes,X,LAD,10,24,2,8,1,0,0,4,1,4,1,0,0.333,0.407,0.375,0.782,9,0,42,0.214,0.233,0.519,523
586,TuckerBarnhart,C,TEX,14,29,5,9,2,0,0,2,4,7,0,0,0.31,0.394,0.379,0.773,3,0,13,0.231,0.333,0.564,523
586,JonBerti,2B,CHC,13,26,6,8,1,0,0,3,5,4,0,0,0.308,0.406,0.346,0.752,21,0,100,0.21,0.262,0.492,523
586,TylerCallihan,1B,CIN,12,17,2,3,2,0,0,2,1,4,0,0,0.176,0.2,0.294,0.494,1,0,6,0.167,0.167,0.334,523
586,AngelChivilli,P,COL,11,0,0,0,0,0,0,0,0,0,0,0,0,0,0,0,0,0,0,0,0,0,523
586,KenedyCorona,CF,HOU,9,13,1,2,0,0,0,0,2,3,1,1,0.154,0.267,0.154,0.421,0,0,2,0,0.5,0.5,523
586,BobbyDalbec,3B,CWS,16,32,2,8,2,0,0,3,2,11,0,2,0.25,0.294,0.313,0.607,4,0,18,0.222,0.333,0.611,523
586,JonnyDeLuca,CF,TB,14,42,5,8,0,0,0,1,6,10,1,0,0.19,0.32,0.19,0.51,19,0,57,0.333,0.356,0.812,523
586,JustinDean,CF,LAD,13,12,3,3,1,0,0,0,5,4,2,1,0.25,0.5,0.333,0.833,0,0,2,0,0,0,523
586,CamDevanney,SS,KC,16,31,4,6,1,0,0,1,6,7,2,0,0.194,0.324,0.226,0.55,5,0,36,0.139,0.184,0.351,523
586,EzequielDuran,3B,TEX,20,45,9,7,1,0,0,0,7,9,2,1,0.156,0.269,0.178,0.447,46,0,205,0.224,0.266,0.559,523
586,TristinEnglish,1B,AZ,12,16,2,8,1,0,0,4,2,1,0,0,0.5,0.556,0.563,1.119,2,0,22,0.091,0.13,0.266,523
586,StuartFairchild,CF,CIN,21,38,4,5,2,0,0,2,4,13,2,0,0.132,0.233,0.184,0.417,11,0,51,0.216,0.273,0.606,523
586,RafaelFlores,X,NYY,10,12,1,2,0,0,0,0,0,5,0,0,0.167,0.167,0.167,0.334,3,0,15,0.2,0.294,0.627,523
586,JustinFoscue,X,TEX,11,21,4,5,2,0,0,3,1,6,0,0,0.238,0.273,0.333,0.606,1,0,9,0.111,0.111,0.333,523
586,AramisGarcia,C,AZ,15,17,1,3,1,0,0,5,1,4,0,0,0.176,0.211,0.235,0.446,0,0,4,0,0,0,523
586,JhostynxonGarcia,CF,BOS,11,21,1,1,0,0,0,0,0,10,0,0,0.048,0.048,0.048,0.096,1,0,7,0.143,0.333,0.619,523
586,OscarGonzalez,RF,SD,21,55,7,22,7,1,0,3,2,11,0,0,0.4,0.431,0.564,0.995,13,0,59,0.22,0.246,0.483,523
586,LuisGuillorme,3B,HOU,17,29,5,9,0,0,0,5,3,3,0,0,0.31,0.343,0.31,0.653,3,0,20,0.15,0.19,0.34,523
586,PeteyHalpin,CF,CLE,10,16,1,1,0,0,0,0,2,7,0,0,0.063,0.167,0.063,0.23,2,0,6,0.333,0.5,0.833,523
586,GarrettHampson,2B,AZ,20,46,14,13,1,1,0,8,8,8,3,1,0.283,0.393,0.348,0.741,11,0,77,0.143,0.25,0.419,523
586,MaverickHandley,C,BAL,18,23,1,5,2,0,0,2,2,5,0,0,0.217,0.28,0.304,0.584,3,0,41,0.073,0.133,0.206,523
586,BrettHarris,3B,ATH,4,4,1,0,0,0,0,0,2,0,0,0,0,0.429,0,0.429,20,0,73,0.274,0.349,0.691,523
586,BrewerHicklen,X,MIL,13,21,5,4,2,0,0,0,6,9,0,0,0.19,0.37,0.286,0.656,2,0,3,0.667,0.75,1.417,523
586,KestonHiura,X,COL,15,22,1,3,0,0,0,1,4,12,0,0,0.136,0.296,0.136,0.432,4,0,18,0.222,0.333,0.611,523
586,JacobHurtubise,LF,CIN,23,38,10,11,3,2,0,3,9,7,5,1,0.289,0.449,0.474,0.923,1,0,12,0.083,0.267,0.35,523
586,TravisJankowski,LF,CWS,14,27,8,6,0,0,0,3,7,6,3,0,0.222,0.382,0.222,0.604,11,0,45,0.244,0.286,0.575,523
586,ConnorJoe,1B,SD,20,38,5,12,5,0,0,4,9,7,1,1,0.316,0.469,0.447,0.916,13,0,70,0.186,0.263,0.506,523
586,GregJones,CF,COL,8,10,2,0,0,0,0,0,3,9,2,1,0,0.231,0,0.231,0,0,2,0,0,0,523
586,ConnorKaiser,2B,AZ,15,23,3,2,1,0,0,4,3,13,0,0,0.087,0.192,0.13,0.322,2,0,18,0.111,0.158,0.325,523
586,NikoKavadas,X,LAA,11,20,2,2,1,0,0,0,2,13,0,0,0.1,0.182,0.15,0.332,2,0,20,0.1,0.217,0.317,523
586,CarterKieboom,X,LAA,9,14,1,5,1,0,0,0,2,5,0,0,0.357,0.438,0.429,0.867,2,0,8,0.25,0.25,0.5,523
586,ScottKingery,2B,LAA,17,29,4,4,1,0,0,2,3,11,0,0,0.138,0.257,0.172,0.429,4,0,27,0.148,0.207,0.392,523
586,TreyLipscomb,2B,WSH,14,25,4,7,0,0,0,1,6,6,3,2,0.28,0.419,0.28,0.699,2,0,4,0.5,0.5,1,523
586,BrandonLockridge,CF,SD,21,45,6,16,4,1,0,2,2,9,7,2,0.356,0.383,0.489,0.872,31,0,134,0.231,0.276,0.575,523
586,NickyLopez,SS,CHC,9,20,3,9,2,0,0,0,4,2,0,0,0.45,0.542,0.55,1.092,1,0,24,0.042,0.179,0.221,523
586,ManuelMargot,X,DET,13,35,4,10,4,0,0,7,3,5,1,1,0.286,0.342,0.4,0.742,6,0,19,0.316,0.3,0.616,523
586,CarsonMcCusker,LF,MIN,10,12,4,4,1,0,0,1,2,5,0,0,0.333,0.429,0.417,0.846,5,0,29,0.172,0.2,0.372,523
586,JacobMelton,CF,HOU,6,12,2,4,0,0,0,2,0,5,3,0,0.333,0.333,0.333,0.666,11,0,70,0.157,0.234,0.42,523
586,DrewMillas,C,WSH,15,18,4,1,1,0,0,0,4,6,1,0,0.056,0.227,0.111,0.338,15,0,49,0.306,0.358,0.807,523
586,OwenMiller,SS,COL,28,53,4,14,3,0,0,6,2,9,5,0,0.264,0.298,0.321,0.619,2,0,14,0.143,0.294,0.437,523
586,AustinNola,C,COL,17,31,4,11,2,0,0,1,2,8,0,0,0.355,0.412,0.419,0.831,7,0,38,0.184,0.225,0.436,523
586,JonathanOrnelas,3B,TEX,18,28,2,9,2,0,0,4,2,8,0,0,0.321,0.387,0.393,0.78,2,0,9,0.222,0.3,0.522,523
586,LoganPorter,C,SF,13,16,3,2,2,0,0,1,1,3,0,0,0.125,0.176,0.25,0.426,1,0,7,0.143,0.333,0.476,523
586,BryanRamos,X,CWS,13,25,4,6,2,1,0,3,3,5,0,0,0.24,0.345,0.4,0.745,2,0,12,0.167,0.167,0.5,523
586,ChuckieRobinson,C,LAA,21,25,6,4,1,0,0,2,7,5,0,0,0.16,0.382,0.2,0.582,0,0,1,0,0,0,523
586,DrewRomo,C,COL,11,17,1,2,1,0,0,0,1,4,0,0,0.118,0.211,0.176,0.387,0,0,3,0,0,0,523
586,BlakeSabol,X,BOS,11,19,3,4,1,0,0,1,4,5,0,0,0.211,0.348,0.263,0.611,2,0,16,0.125,0.167,0.355,523
586,AaronSchunk,SS,COL,26,41,2,5,1,0,0,2,3,9,1,0,0.122,0.182,0.146,0.328,6,0,32,0.188,0.188,0.407,523
586,AnthonySeigler,2B,MIL,7,8,1,2,2,0,0,0,4,1,2,0,0.25,0.538,0.5,1.038,12,0,62,0.194,0.292,0.502,523
586,MichaelSiani,CF,STL,16,42,1,4,0,0,0,1,7,15,2,1,0.095,0.224,0.095,0.319,4,0,17,0.235,0.316,0.551,523
586,RonnySimon,2B,MIA,12,21,4,4,1,0,0,3,6,2,1,1,0.19,0.37,0.238,0.608,18,0,77,0.234,0.299,0.572,523
586,ChandlerSimpson,CF,TB,11,25,4,6,0,0,0,0,2,1,3,0,0.24,0.296,0.24,0.536,122,0,414,0.295,0.326,0.671,523
586,JonSingleton,1B,HOU,17,41,2,7,1,0,0,2,4,10,0,0,0.171,0.239,0.195,0.434,1,0,9,0.111,0.111,0.222,523
586,MichaelStefanic,2B,TOR,18,26,5,7,0,0,0,2,4,5,1,0,0.269,0.355,0.269,0.624,4,0,22,0.182,0.28,0.462,523
586,ChadStevens,X,LAA,2,4,0,1,0,0,0,0,1,1,0,0,0.25,0.4,0.25,0.65,2,0,13,0.154,0.154,0.308,523
586,C.J.Stubbs,C,WSH,1,1,0,0,0,0,0,0,1,1,0,0,0,0.5,0,0.5,0,0,3,0,0,0,523
586,GarrettStubbs,C,PHI,10,21,4,6,2,0,0,4,3,4,0,0,0.286,0.423,0.381,0.804,0,0,1,0,0,0,523
586,BrettSullivan,C,SD,17,24,4,5,1,0,0,4,2,3,2,0,0.208,0.259,0.25,0.509,1,0,6,0.167,0.333,0.5,523
586,RhylanThomas,CF,SEA,11,16,2,5,2,0,0,1,1,0,0,0,0.313,0.353,0.438,0.791,1,0,8,0.125,0.2,0.45,523
586,AlanTrejo,SS,TEX,24,31,4,6,2,1,0,2,1,9,0,0,0.194,0.265,0.323,0.588,7,0,40,0.175,0.19,0.415,523
586,GioUrshela,3B,ATH,15,38,8,11,5,0,0,8,4,11,0,0,0.289,0.349,0.421,0.77,43,0,181,0.238,0.287,0.613,523
586,TerrinVavra,3B,BAL,12,17,3,3,1,0,0,0,2,4,1,0,0.176,0.263,0.235,0.498,0,0,1,0,0,0,523
586,VictorVodnik,P,COL,8,0,0,0,0,0,0,0,0,0,0,0,0,0,0,0,0,0,0,0,0,0,523
586,WillWagner,1B,TOR,16,39,6,10,6,0,0,4,4,6,0,0,0.256,0.341,0.41,0.751,29,0,129,0.225,0.324,0.603,523