Rank,Feet,Player,%Made,Attempts,Putts_made,LastSeason
1,27.5,Matthieu Pavon,12.70%,126,16,1
2,27.5,Dan Brown,10.98%,82,9,1
3,27.5,David Lipsky,9.89%,91,9,5
4,27.5,Wyndham Clark,9.80%,102,10,3
5,27.5,Scottie Scheffler,9.57%,115,11,1
6,27.5,Viktor Hovland,9.48%,116,11,2
7,27.5,Patrick Fishburn,8.82%,68,6,3
8,27.5,Austin Smotherman,8.66%,127,11,3
9,27.5,Jacob Bridgeman,8.59%,163,14,-
10,27.5,Neal Shipley,8.43%,83,7,2
11,27.5,Patton Kizzire,8.42%,95,8,2
11,27.5,Dylan Wu,8.42%,95,8,2
13,27.5,Akshay Bhatia,8.20%,122,10,2
14,27.5,Sami Valimaki,8.18%,110,9,4
15,27.5,Isaiah Salinda,8.06%,62,5,4
16,27.5,Chandler Phillips,8.04%,112,9,4
17,27.5,Jordan Spieth,8.02%,162,13,1
18,27.5,Kris Ventura,8.00%,50,4,3
19,27.5,Christiaan Bezuidenhout,7.92%,101,8,4
20,27.5,Brooks Koepka,7.87%,89,7,4
21,27.5,Brandt Snedeker,7.84%,51,4,4
22,27.5,John Parry,7.80%,141,11,4
23,27.5,Maverick McNealy,7.78%,167,13,11
24,27.5,Si Woo Kim,7.75%,142,11,2
25,27.5,Garrick Higgo,7.69%,104,8,2
25,27.5,Kevin Streelman,7.69%,52,4,2
27,27.5,Russell Henley,7.62%,105,8,16
28,27.5,Sam Ryder,7.59%,79,6,3
29,27.5,A.J. Ewart,7.52%,133,10,3
30,27.5,Matti Schmid,7.41%,162,12,5
31,27.5,Jason Day,7.38%,122,9,14
32,27.5,Karl Vilips,7.37%,95,7,4
33,27.5,Harry Hall,7.30%,137,10,4
34,27.5,Chad Ramey,7.27%,165,12,3
35,27.5,Matt Wallace,7.22%,97,7,23
36,27.5,Cam Davis,7.14%,70,5,3
36,27.5,Michael Kim,7.14%,154,11,37
38,27.5,David Ford,7.08%,113,8,3
39,27.5,Justin Rose,7.07%,99,7,6
40,27.5,Davis Chatfield,6.94%,72,5,3
41,27.5,Aldrich Potgieter,6.90%,116,8,3
42,27.5,Alex Noren,6.87%,131,9,12
43,27.5,Jake Knapp,6.84%,117,8,2
43,27.5,Danny Walker,6.84%,117,8,2
45,27.5,Keegan Bradley,6.78%,118,8,21
45,27.5,Adam Svensson,6.78%,59,4,3
45,27.5,Cameron Young,6.78%,118,8,23
48,27.5,Joe Highsmith,6.76%,148,10,1
49,27.5,Sungjae Im,6.74%,89,6,11
50,27.5,Kevin Roy,6.72%,134,9,-
51,27.5,Austin Eckroat,6.67%,75,5,-
51,27.5,Steven Fisk,6.67%,120,8,-
53,27.5,Tony Finau,6.62%,136,9,3
54,27.5,Vince Whaley,6.60%,106,7,3
55,27.5,Sahith Theegala,6.51%,169,11,15
56,27.5,Patrick Cantlay,6.48%,108,7,4
57,27.5,Patrick Rodgers,6.45%,217,14,2
58,27.5,Beau Hossler,6.41%,78,5,4
59,27.5,Davis Riley,6.25%,80,5,5
60,27.5,Rickie Fowler,6.21%,145,9,18
61,27.5,Max Homa,6.20%,129,8,35
62,27.5,Hank Lebioda,6.19%,113,7,3
63,27.5,Chandler Blanchet,6.09%,115,7,-
64,27.5,Nick Taylor,6.08%,148,9,12
65,27.5,Seamus Power,5.98%,117,7,6
66,27.5,Brian Harman,5.93%,135,8,21
67,27.5,Jeffrey Kang,5.80%,69,4,11
68,27.5,Harris English,5.77%,156,9,17
69,27.5,Michael Thorbjornsen,5.70%,158,9,3
70,27.5,Robert MacIntyre,5.69%,123,7,9
70,27.5,William Mouw,5.69%,123,7,9
72,27.5,Adrien Dumont de Chassart,5.66%,106,6,9
72,27.5,Ben Griffin,5.66%,159,9,18
72,27.5,Billy Horschel,5.66%,159,9,9
75,27.5,Rasmus Neergaard-Petersen,5.62%,89,5,8
76,27.5,Michael Brennan,5.61%,107,6,8
77,27.5,Zach Bauchou,5.59%,143,8,9
77,27.5,Min Woo Lee,5.59%,143,8,18
79,27.5,Rasmus Højgaard,5.56%,126,7,8
79,27.5,Stephan Jaeger,5.56%,126,7,8
79,27.5,Jesper Svensson,5.56%,54,3,8
82,27.5,Tom Hoge,5.47%,128,7,14
83,27.5,Taylor Pendrith,5.45%,165,9,44
84,27.5,Ludvig Åberg,5.38%,93,5,8
85,27.5,Sam Stevens,5.37%,149,8,15
86,27.5,Zecheng Dou,5.30%,132,7,8
86,27.5,Adam Schenk,5.30%,132,7,8
88,27.5,Denny McCarthy,5.29%,170,9,20
89,27.5,Rico Hoey,5.26%,171,9,7
90,27.5,Joel Dahmen,5.22%,115,6,9
91,27.5,Shane Lowry,5.19%,135,7,30
92,27.5,Lucas Glover,5.13%,78,4,59
92,27.5,Hideki Matsuyama,5.13%,156,8,25
94,27.5,Rafael Campos,5.06%,79,4,9
94,27.5,Chris Gotterup,5.06%,158,8,8
96,27.5,Mac Meissner,5.04%,119,6,8
97,27.5,Matt McCarty,5.03%,159,8,10
97,27.5,Sudarshan Yellamaraju,5.03%,159,8,24
99,27.5,Doug Ghim,5.00%,80,4,6
99,27.5,Chris Kirk,5.00%,100,5,6
101,27.5,Adam Scott,4.96%,121,6,24
102,27.5,Mackenzie Hughes,4.92%,122,6,6
102,27.5,Haotong Li,4.92%,122,6,6
102,27.5,Jhonattan Vegas,4.92%,122,6,48
105,27.5,Kurt Kitayama,4.90%,143,7,7
106,27.5,Pierceson Coody,4.88%,164,8,19
106,27.5,Jackson Suber,4.88%,82,4,4
108,27.5,Aaron Rai,4.85%,103,5,3
109,27.5,Brian Campbell,4.84%,124,6,41
110,27.5,Alex Smalley,4.79%,167,8,18
111,27.5,Kensei Hirata,4.76%,105,5,1
111,27.5,Collin Morikawa,4.76%,105,5,38
111,27.5,J.T. Poston,4.76%,147,7,26
114,27.5,Nicolai Højgaard,4.70%,149,7,22
115,27.5,Eric Cole,4.67%,107,5,-
116,27.5,Erik van Rooyen,4.65%,86,4,-
117,27.5,Andrew Putnam,4.64%,151,7,26
118,27.5,Pontus Nyholm,4.60%,87,4,1
119,27.5,Matt Fitzpatrick,4.55%,132,6,1
119,27.5,Jimmy Stanger,4.55%,66,3,1
121,27.5,Tom Kim,4.48%,134,6,1
122,27.5,Marco Penge,4.42%,113,5,1
123,27.5,Peter Malnati,4.41%,68,3,1
124,27.5,Gary Woodland,4.29%,140,6,23
125,27.5,Andrew Novak,4.26%,141,6,23
126,27.5,Marcelo Rozo,4.23%,71,3,-
127,27.5,Ryo Hisatsune,4.21%,214,9,11
128,27.5,Bud Cauley,4.17%,144,6,14
129,27.5,Takumi Kanaya,3.97%,126,5,2
129,27.5,S.H. Kim,3.97%,126,5,2
131,27.5,John VanDerLaan,3.96%,101,4,2
132,27.5,Gordon Sargent,3.95%,76,3,2
133,27.5,Corey Conners,3.94%,127,5,8
134,27.5,Jordan Smith,3.91%,179,7,13
135,27.5,Kevin Yu,3.88%,103,4,-
136,27.5,Johnny Keefer,3.87%,155,6,-
137,27.5,Max Greyserman,3.85%,104,4,5
138,27.5,Xander Schauffele,3.79%,132,5,1
139,27.5,Tommy Fleetwood,3.74%,107,4,29
139,27.5,Mark Hubbard,3.74%,107,4,-
139,27.5,Taylor Moore,3.74%,107,4,-
142,27.5,Ryan Fox,3.70%,108,4,21
143,27.5,Emiliano Grillo,3.51%,114,4,-
144,27.5,Ryan Gerard,3.42%,146,5,8
145,27.5,Ricky Castillo,3.33%,150,5,15
146,27.5,Max McGreevy,3.31%,151,5,3
147,27.5,Justin Thomas,3.17%,63,2,26
148,27.5,Sam Burns,3.15%,127,4,19
149,27.5,Keith Mitchell,3.05%,164,5,3
150,27.5,J.J. Spaun,2.94%,136,4,7
151,27.5,Luke Clanton,2.90%,69,2,2
151,27.5,Alejandro Tosti,2.90%,69,2,2
153,27.5,Davis Thompson,2.80%,107,3,2
154,27.5,Lee Hodges,2.63%,114,3,3
155,27.5,Daniel Berger,2.60%,154,4,-
156,27.5,Sepp Straka,2.29%,131,3,5
157,27.5,Brice Garnett,2.20%,91,2,2
158,27.5,Thorbjørn Olesen,2.11%,95,2,2
159,27.5,Nick Dunlap,1.61%,62,1,6
160,27.5,Kristoffer Reitan,1.52%,132,2,1
161,27.5,Nico Echavarria,1.43%,140,2,2
162,27.5,Christo Lamprecht,1.39%,72,1,4
163,27.5,Adrien Saddier,1.14%,88,1,4
164,27.5,Justin Lower,0.00%,48,0,5
1,22.5,Jake Knapp,32.56%,43,14,-
2,22.5,Rasmus Højgaard,32.26%,31,10,-
3,22.5,Robert MacIntyre,30.00%,30,9,-
4,22.5,Maverick McNealy,25.00%,48,12,4
5,22.5,Beau Hossler,23.53%,17,4,1
6,22.5,Hank Lebioda,23.33%,30,7,1
6,22.5,Matt Wallace,23.33%,30,7,10
8,22.5,Christiaan Bezuidenhout,22.86%,35,8,2
9,22.5,Xander Schauffele,22.58%,31,7,2
10,22.5,Seamus Power,22.22%,27,6,-
11,22.5,Jason Day,21.95%,41,9,-
12,22.5,Vince Whaley,21.05%,38,8,1
13,22.5,Tony Finau,20.93%,43,9,1
14,22.5,Sepp Straka,20.41%,49,10,3
15,22.5,Lee Hodges,20.00%,30,6,3
15,22.5,Alejandro Tosti,20.00%,15,3,3
17,22.5,Chad Ramey,19.57%,46,9,3
18,22.5,Harris English,19.51%,41,8,4
18,22.5,Matthieu Pavon,19.51%,41,8,3
20,22.5,Taylor Moore,19.44%,36,7,2
20,22.5,Aaron Rai,19.44%,36,7,2
22,22.5,Sam Ryder,19.23%,26,5,4
23,22.5,Russell Henley,19.15%,47,9,9
23,22.5,Stephan Jaeger,19.15%,47,9,4
25,22.5,Sami Valimaki,18.92%,37,7,5
26,22.5,Ryan Fox,18.75%,32,6,14
27,22.5,Daniel Berger,18.52%,54,10,11
28,22.5,Jhonattan Vegas,18.37%,49,9,20
29,22.5,Isaiah Salinda,18.18%,22,4,3
30,22.5,Tom Kim,18.00%,50,9,4
31,22.5,S.H. Kim,17.95%,39,7,4
32,22.5,Ryan Gerard,17.65%,51,9,-
32,22.5,Kurt Kitayama,17.65%,51,9,5
32,22.5,Sudarshan Yellamaraju,17.65%,51,9,26
35,22.5,Takumi Kanaya,17.50%,40,7,2
36,22.5,Cameron Young,17.31%,52,9,9
37,22.5,Zach Bauchou,17.14%,35,6,3
37,22.5,Shane Lowry,17.14%,35,6,17
39,22.5,Patrick Fishburn,16.67%,24,4,3
39,22.5,Joe Highsmith,16.67%,48,8,3
39,22.5,Jesper Svensson,16.67%,12,2,3
42,22.5,Ben Griffin,16.28%,43,7,20
42,22.5,Johnny Keefer,16.28%,43,7,4
44,22.5,Ludvig Åberg,16.22%,37,6,3
45,22.5,Eric Cole,16.13%,31,5,3
45,22.5,David Ford,16.13%,31,5,3
47,22.5,Brian Harman,15.69%,51,8,9
48,22.5,Erik van Rooyen,15.63%,32,5,6
49,22.5,Lucas Glover,15.38%,26,4,7
49,22.5,J.T. Poston,15.38%,39,6,18
51,22.5,Chandler Phillips,15.15%,33,5,6
52,22.5,Chandler Blanchet,15.00%,20,3,-
53,22.5,Corey Conners,14.89%,47,7,11
53,22.5,Hideki Matsuyama,14.89%,47,7,12
55,22.5,Keegan Bradley,14.71%,34,5,19
56,22.5,Michael Kim,14.63%,41,6,5
57,22.5,Jordan Spieth,14.58%,48,7,7
58,22.5,Brian Campbell,14.29%,28,4,2
58,22.5,Luke Clanton,14.29%,21,3,3
58,22.5,Mark Hubbard,14.29%,35,5,3
61,22.5,Andrew Putnam,14.00%,50,7,11
62,22.5,Billy Horschel,13.95%,43,6,2
63,22.5,Michael Thorbjornsen,13.85%,65,9,68
64,22.5,Chris Gotterup,13.79%,58,8,11
64,22.5,Tom Hoge,13.79%,58,8,28
64,22.5,Patton Kizzire,13.79%,29,4,2
67,22.5,Pierceson Coody,13.56%,59,8,7
68,22.5,Matt Fitzpatrick,13.33%,45,6,1
68,22.5,Andrew Novak,13.33%,45,6,34
68,22.5,Marcelo Rozo,13.33%,15,2,1
68,22.5,Danny Walker,13.33%,45,6,1
72,22.5,Karl Vilips,13.16%,38,5,2
73,22.5,Emiliano Grillo,13.04%,46,6,3
73,22.5,Viktor Hovland,13.04%,46,6,5
73,22.5,Dylan Wu,13.04%,23,3,3
76,22.5,Patrick Rodgers,12.96%,54,7,17
77,22.5,Michael Brennan,12.50%,40,5,3
77,22.5,Ryo Hisatsune,12.50%,56,7,10
77,22.5,Min Woo Lee,12.50%,48,6,10
77,22.5,Matt McCarty,12.50%,48,6,9
77,22.5,Sam Stevens,12.50%,64,8,2
82,22.5,Ricky Castillo,12.20%,41,5,14
83,22.5,Mackenzie Hughes,12.00%,50,6,1
83,22.5,Jackson Suber,12.00%,25,3,1
85,22.5,Max Homa,11.76%,51,6,12
85,22.5,Sahith Theegala,11.76%,51,6,3
87,22.5,Scottie Scheffler,11.54%,52,6,27
87,22.5,Adam Svensson,11.54%,26,3,2
87,22.5,John VanDerLaan,11.54%,26,3,2
90,22.5,Max Greyserman,11.43%,35,4,21
90,22.5,Taylor Pendrith,11.43%,35,4,15
90,22.5,Adrien Saddier,11.43%,35,4,1
90,22.5,Gary Woodland,11.43%,35,4,21
94,22.5,Brice Garnett,11.11%,27,3,2
94,22.5,Kensei Hirata,11.11%,36,4,2
94,22.5,Nicolai Højgaard,11.11%,54,6,19
97,22.5,Alex Smalley,10.91%,55,6,29
98,22.5,Garrick Higgo,10.87%,46,5,2
98,22.5,Alex Noren,10.87%,46,5,24
98,22.5,Kristoffer Reitan,10.87%,46,5,30
101,22.5,Kevin Roy,10.81%,37,4,4
102,22.5,Nico Echavarria,10.64%,47,5,15
102,22.5,Mac Meissner,10.64%,47,5,2
104,22.5,Sam Burns,10.53%,38,4,19
105,22.5,Peter Malnati,10.34%,29,3,4
106,22.5,Adam Scott,10.26%,39,4,25
107,22.5,Joel Dahmen,10.00%,40,4,15
107,22.5,Austin Eckroat,10.00%,30,3,2
107,22.5,A.J. Ewart,10.00%,30,3,2
107,22.5,Doug Ghim,10.00%,30,3,2
107,22.5,Adam Schenk,10.00%,50,5,2
107,22.5,Kevin Yu,10.00%,30,3,2
113,22.5,Keith Mitchell,9.84%,61,6,14
114,22.5,Steven Fisk,9.62%,52,5,1
115,22.5,Jordan Smith,9.52%,42,4,13
115,22.5,Kevin Streelman,9.52%,21,2,1
117,22.5,Denny McCarthy,9.26%,54,5,2
118,22.5,Jacob Bridgeman,9.09%,55,5,-
118,22.5,Rickie Fowler,9.09%,55,5,14
118,22.5,Chris Kirk,9.09%,44,4,2
118,22.5,J.J. Spaun,9.09%,44,4,13
122,22.5,Zecheng Dou,8.82%,34,3,1
123,22.5,Davis Riley,8.70%,23,2,1
124,22.5,Austin Smotherman,8.57%,35,3,19
125,22.5,Brooks Koepka,8.33%,24,2,1
125,22.5,Justin Lower,8.33%,24,2,1
127,22.5,Max McGreevy,8.16%,49,4,1
128,22.5,Akshay Bhatia,7.69%,26,2,12
128,22.5,John Parry,7.69%,39,3,-
128,22.5,Davis Thompson,7.69%,39,3,-
131,22.5,William Mouw,7.50%,40,3,1
132,22.5,Dan Brown,7.14%,28,2,1
132,22.5,Cam Davis,7.14%,28,2,1
132,22.5,Aldrich Potgieter,7.14%,42,3,15
132,22.5,Matti Schmid,7.14%,42,3,1
136,22.5,Pontus Nyholm,6.67%,30,2,1
136,22.5,Gordon Sargent,6.67%,15,1,1
136,22.5,Kris Ventura,6.67%,15,1,1
139,22.5,Rico Hoey,6.38%,47,3,2
140,22.5,Brandt Snedeker,6.25%,16,1,2
141,22.5,Nick Taylor,6.15%,65,4,1
142,22.5,Adrien Dumont de Chassart,6.06%,33,2,3
143,22.5,Tommy Fleetwood,5.66%,53,3,8
143,22.5,Si Woo Kim,5.66%,53,3,-
145,22.5,Davis Chatfield,5.56%,18,1,3
145,22.5,Christo Lamprecht,5.56%,18,1,3
147,22.5,Wyndham Clark,4.88%,41,2,5
148,22.5,Bud Cauley,4.84%,62,3,5
149,22.5,David Lipsky,4.76%,21,1,16
149,22.5,Marco Penge,4.76%,42,2,4
149,22.5,Justin Rose,4.76%,21,1,3
149,22.5,Jimmy Stanger,4.76%,21,1,4
153,22.5,Rasmus Neergaard-Petersen,4.35%,23,1,2
153,22.5,Justin Thomas,4.35%,23,1,3
155,22.5,Harry Hall,4.17%,48,2,5
156,22.5,Jeffrey Kang,4.00%,25,1,-
157,22.5,Patrick Cantlay,3.45%,29,1,1
158,22.5,Collin Morikawa,3.13%,32,1,1
159,22.5,Haotong Li,3.03%,33,1,-
160,22.5,Rafael Campos,0.00%,23,0,-
160,22.5,Sungjae Im,0.00%,19,0,-
160,22.5,Thorbjørn Olesen,0.00%,23,0,-
160,22.5,Neal Shipley,0.00%,15,0,-
1,17.5,Beau Hossler,38.89%,36,14,-
2,17.5,Michael Brennan,33.33%,48,16,1
3,17.5,Sepp Straka,32.76%,58,19,1
4,17.5,Kevin Yu,32.14%,28,9,-
5,17.5,Kris Ventura,32.00%,25,8,-
6,17.5,Akshay Bhatia,31.25%,64,20,10
7,17.5,Mac Meissner,30.61%,49,15,-
8,17.5,Dan Brown,30.00%,40,12,1
8,17.5,Maverick McNealy,30.00%,50,15,27
10,17.5,Jake Knapp,29.79%,47,14,-
11,17.5,Sami Valimaki,29.55%,44,13,-
12,17.5,Robert MacIntyre,29.41%,51,15,-
12,17.5,Chad Ramey,29.41%,51,15,-
14,17.5,Cameron Young,29.31%,58,17,19
15,17.5,Takumi Kanaya,28.89%,45,13,-
16,17.5,Ricky Castillo,28.30%,53,15,9
16,17.5,Joe Highsmith,28.30%,53,15,1
18,17.5,Sungjae Im,28.13%,32,9,13
19,17.5,Brooks Koepka,27.91%,43,12,1
20,17.5,Jackson Suber,27.27%,33,9,1
21,17.5,Peter Malnati,26.67%,30,8,-
21,17.5,Isaiah Salinda,26.67%,30,8,-
21,17.5,Xander Schauffele,26.67%,45,12,-
24,17.5,Adrien Saddier,26.53%,49,13,-
25,17.5,Justin Rose,26.32%,38,10,21
26,17.5,Harry Hall,26.23%,61,16,12
27,17.5,Karl Vilips,26.00%,50,13,2
28,17.5,Michael Kim,25.76%,66,17,13
29,17.5,Sudarshan Yellamaraju,25.00%,52,13,2
30,17.5,Nicolai Højgaard,24.59%,61,15,3
30,17.5,Aldrich Potgieter,24.59%,61,15,3
30,17.5,Adam Scott,24.59%,61,15,16
33,17.5,Sam Stevens,24.32%,74,18,4
34,17.5,Brandt Snedeker,24.00%,25,6,-
35,17.5,Alex Smalley,23.91%,92,22,5
36,17.5,Seamus Power,23.81%,42,10,1
36,17.5,Scottie Scheffler,23.81%,63,15,1
38,17.5,Andrew Novak,23.73%,59,14,18
38,17.5,Gary Woodland,23.73%,59,14,13
40,17.5,Kensei Hirata,23.08%,39,9,2
40,17.5,Gordon Sargent,23.08%,26,6,2
42,17.5,Shane Lowry,22.73%,44,10,19
43,17.5,Alex Noren,22.64%,53,12,-
44,17.5,Doug Ghim,22.58%,31,7,1
45,17.5,Jacob Bridgeman,22.54%,71,16,7
46,17.5,Christiaan Bezuidenhout,22.22%,45,10,-
46,17.5,Brice Garnett,22.22%,36,8,-
46,17.5,Haotong Li,22.22%,36,8,-
49,17.5,Patrick Rodgers,22.08%,77,17,5
50,17.5,Eric Cole,21.95%,41,9,2
51,17.5,Kristoffer Reitan,21.57%,51,11,20
52,17.5,Ryan Gerard,21.33%,75,16,13
53,17.5,A.J. Ewart,21.15%,52,11,2
54,17.5,Sam Burns,21.05%,57,12,12
54,17.5,Pierceson Coody,21.05%,76,16,6
56,17.5,Mackenzie Hughes,20.93%,43,9,1
56,17.5,Sahith Theegala,20.93%,86,18,31
58,17.5,Kurt Kitayama,20.83%,72,15,-
59,17.5,Brian Campbell,20.75%,53,11,5
60,17.5,Harris English,20.69%,58,12,14
61,17.5,Christo Lamprecht,20.59%,34,7,2
62,17.5,Davis Riley,20.51%,39,8,1
63,17.5,Steven Fisk,20.45%,44,9,-
63,17.5,Max Greyserman,20.45%,44,9,19
63,17.5,Stephan Jaeger,20.45%,44,9,-
66,17.5,Jhonattan Vegas,20.41%,49,10,11
67,17.5,Austin Eckroat,20.00%,50,10,1
67,17.5,Rasmus Højgaard,20.00%,40,8,1
67,17.5,Jeffrey Kang,20.00%,30,6,1
67,17.5,Collin Morikawa,20.00%,55,11,21
67,17.5,Rasmus Neergaard-Petersen,20.00%,25,5,1
67,17.5,Matti Schmid,20.00%,65,13,1
73,17.5,Matthieu Pavon,19.61%,51,10,1
74,17.5,Thorbjørn Olesen,19.51%,41,8,4
75,17.5,Nick Dunlap,19.44%,36,7,4
75,17.5,Billy Horschel,19.44%,72,14,4
75,17.5,Taylor Moore,19.44%,36,7,4
78,17.5,Min Woo Lee,19.23%,52,10,12
79,17.5,Denny McCarthy,19.18%,73,14,6
80,17.5,Corey Conners,18.92%,74,14,14
80,17.5,David Ford,18.92%,37,7,2
82,17.5,Nico Echavarria,18.67%,75,14,42
83,17.5,Jason Day,18.64%,59,11,9
84,17.5,Max Homa,18.37%,49,9,18
84,17.5,John Parry,18.37%,49,9,2
86,17.5,Keegan Bradley,18.18%,55,10,33
86,17.5,Dylan Wu,18.18%,44,8,1
88,17.5,Tommy Fleetwood,17.95%,39,7,46
89,17.5,Patrick Fishburn,17.86%,28,5,-
89,17.5,Tom Kim,17.86%,56,10,-
89,17.5,Justin Lower,17.86%,28,5,-
89,17.5,Marcelo Rozo,17.86%,28,5,-
89,17.5,Jimmy Stanger,17.86%,28,5,-
89,17.5,Erik van Rooyen,17.86%,28,5,-
95,17.5,Ben Griffin,17.74%,62,11,26
96,17.5,Ryan Fox,17.65%,51,9,44
97,17.5,Zecheng Dou,17.54%,57,10,2
97,17.5,Adam Schenk,17.54%,57,10,2
99,17.5,Johnny Keefer,17.31%,52,9,1
100,17.5,Sam Ryder,17.07%,41,7,3
101,17.5,Kevin Roy,16.98%,53,9,4
102,17.5,Tony Finau,16.95%,59,10,4
103,17.5,David Lipsky,16.67%,36,6,3
103,17.5,William Mouw,16.67%,54,9,4
103,17.5,Jordan Spieth,16.67%,66,11,3
103,17.5,Matt Wallace,16.67%,48,8,6
107,17.5,Si Woo Kim,16.49%,97,16,-
108,17.5,Wyndham Clark,16.33%,49,8,3
108,17.5,Mark Hubbard,16.33%,49,8,3
110,17.5,Davis Thompson,16.28%,43,7,3
110,17.5,Danny Walker,16.28%,43,7,3
110,17.5,Vince Whaley,16.28%,43,7,3
113,17.5,Pontus Nyholm,16.13%,31,5,4
114,17.5,Matt Fitzpatrick,16.07%,56,9,4
115,17.5,Alejandro Tosti,16.00%,25,4,4
116,17.5,Chris Gotterup,15.87%,63,10,23
117,17.5,Zach Bauchou,15.69%,51,8,5
117,17.5,Lucas Glover,15.69%,51,8,14
117,17.5,Lee Hodges,15.69%,51,8,5
120,17.5,Max McGreevy,15.63%,64,10,4
120,17.5,Justin Thomas,15.63%,32,5,36
122,17.5,Ludvig Åberg,15.38%,52,8,4
122,17.5,Patrick Cantlay,15.38%,52,8,4
124,17.5,Matt McCarty,15.25%,59,9,17
125,17.5,Tom Hoge,15.15%,66,10,8
126,17.5,Nick Taylor,15.07%,73,11,10
127,17.5,John VanDerLaan,15.00%,40,6,2
128,17.5,Neal Shipley,14.81%,27,4,4
129,17.5,Russell Henley,14.75%,61,9,31
130,17.5,Davis Chatfield,14.71%,34,5,4
131,17.5,Garrick Higgo,14.29%,42,6,6
131,17.5,Hank Lebioda,14.29%,35,5,6
131,17.5,Taylor Pendrith,14.29%,70,10,31
131,17.5,Jordan Smith,14.29%,70,10,11
135,17.5,Hideki Matsuyama,13.73%,51,7,4
136,17.5,Andrew Putnam,13.64%,44,6,28
137,17.5,Emiliano Grillo,13.56%,59,8,5
138,17.5,Viktor Hovland,12.96%,54,7,2
139,17.5,Patton Kizzire,12.82%,39,5,6
140,17.5,Bud Cauley,12.66%,79,10,1
141,17.5,Chandler Blanchet,12.50%,48,6,3
142,17.5,Keith Mitchell,12.31%,65,8,6
143,17.5,Rickie Fowler,11.94%,67,8,-
144,17.5,Chandler Phillips,11.63%,43,5,5
145,17.5,J.T. Poston,11.59%,69,8,1
146,17.5,Marco Penge,11.48%,61,7,4
147,17.5,Daniel Berger,11.27%,71,8,7
148,17.5,S.H. Kim,11.11%,36,4,3
148,17.5,Kevin Streelman,11.11%,27,3,3
150,17.5,Adrien Dumont de Chassart,10.71%,56,6,5
150,17.5,Brian Harman,10.71%,56,6,6
152,17.5,Joel Dahmen,10.20%,49,5,12
153,17.5,J.J. Spaun,10.00%,50,5,2
154,17.5,Chris Kirk,9.62%,52,5,4
155,17.5,Rico Hoey,9.52%,63,6,4
155,17.5,Jesper Svensson,9.52%,21,2,4
157,17.5,Michael Thorbjornsen,9.21%,76,7,-
158,17.5,Aaron Rai,9.09%,33,3,3
159,17.5,Rafael Campos,8.11%,37,3,4
160,17.5,Ryo Hisatsune,7.81%,64,5,2
160,17.5,Austin Smotherman,7.81%,64,5,6
162,17.5,Adam Svensson,6.90%,29,2,4
163,17.5,Luke Clanton,3.70%,27,1,5
164,17.5,Cam Davis,3.57%,28,1,5
1,12.5,Sam Burns,44.44%,72,32,-
2,12.5,Ludvig Åberg,44.23%,52,23,-
3,12.5,Gary Woodland,43.66%,71,31,3
4,12.5,Chandler Phillips,43.55%,62,27,1
5,12.5,Austin Eckroat,42.86%,56,24,-
6,12.5,Zach Bauchou,41.03%,78,32,2
7,12.5,Jacob Bridgeman,41.00%,100,41,3
8,12.5,Rasmus Højgaard,40.00%,65,26,4
9,12.5,Scottie Scheffler,39.68%,63,25,1
10,12.5,Kevin Streelman,39.47%,38,15,4
11,12.5,Matthieu Pavon,38.98%,59,23,4
12,12.5,Andrew Putnam,38.96%,77,30,-
13,12.5,Stephan Jaeger,38.89%,72,28,3
14,12.5,Pontus Nyholm,38.46%,52,20,3
15,12.5,Harris English,38.04%,92,35,4
16,12.5,Takumi Kanaya,37.78%,90,34,2
17,12.5,Joel Dahmen,37.50%,64,24,86
17,12.5,Lee Hodges,37.50%,64,24,3
17,12.5,Chris Kirk,37.50%,72,27,3
20,12.5,Rickie Fowler,37.04%,81,30,26
21,12.5,Johnny Keefer,36.96%,92,34,4
22,12.5,Adrien Dumont de Chassart,36.76%,68,25,4
23,12.5,Min Woo Lee,36.67%,90,33,14
24,12.5,Andrew Novak,36.56%,93,34,15
25,12.5,Vince Whaley,36.51%,63,23,4
26,12.5,Matt Fitzpatrick,36.49%,74,27,4
27,12.5,Matt McCarty,36.27%,102,37,7
28,12.5,Denny McCarthy,36.26%,91,33,35
29,12.5,Ryo Hisatsune,36.21%,116,42,1
30,12.5,Matt Wallace,36.11%,72,26,61
31,12.5,Keegan Bradley,36.00%,75,27,7
32,12.5,Chris Gotterup,35.80%,81,29,2
33,12.5,Chad Ramey,35.79%,95,34,2
34,12.5,Kristoffer Reitan,35.71%,70,25,7
34,12.5,Davis Riley,35.71%,56,20,2
36,12.5,Jason Day,35.62%,73,26,17
37,12.5,David Lipsky,35.56%,45,16,41
38,12.5,John VanDerLaan,35.09%,57,20,-
39,12.5,Sahith Theegala,34.86%,109,38,16
40,12.5,Michael Brennan,34.85%,66,23,1
41,12.5,Sudarshan Yellamaraju,34.82%,112,39,9
42,12.5,Maverick McNealy,34.74%,95,33,8
43,12.5,Daniel Berger,34.65%,101,35,9
44,12.5,Dan Brown,34.48%,58,20,1
44,12.5,Gordon Sargent,34.48%,29,10,1
46,12.5,Ryan Fox,34.33%,67,23,8
47,12.5,Shane Lowry,34.25%,73,25,2
48,12.5,Robert MacIntyre,34.12%,85,29,1
49,12.5,Adrien Saddier,33.93%,56,19,-
50,12.5,Erik van Rooyen,33.85%,65,22,-
51,12.5,William Mouw,33.78%,74,25,-
52,12.5,Nico Echavarria,33.72%,86,29,15
53,12.5,Patrick Fishburn,33.33%,45,15,1
53,12.5,Ryan Gerard,33.33%,111,37,5
53,12.5,Billy Horschel,33.33%,84,28,1
53,12.5,S.H. Kim,33.33%,66,22,1
53,12.5,Aldrich Potgieter,33.33%,69,23,24
53,12.5,Karl Vilips,33.33%,63,21,1
53,12.5,Danny Walker,33.33%,66,22,1
60,12.5,Steven Fisk,32.94%,85,28,1
61,12.5,Harry Hall,32.89%,76,25,9
62,12.5,Haotong Li,32.76%,58,19,2
62,12.5,Matti Schmid,32.76%,58,19,2
64,12.5,Sungjae Im,32.73%,55,18,17
64,12.5,Taylor Moore,32.73%,55,18,2
66,12.5,Akshay Bhatia,32.50%,80,26,1
67,12.5,Patrick Rodgers,32.38%,105,34,9
68,12.5,Collin Morikawa,32.35%,68,22,28
69,12.5,Marco Penge,32.26%,62,20,5
70,12.5,Russell Henley,32.14%,84,27,6
70,12.5,Sam Ryder,32.14%,56,18,5
72,12.5,Beau Hossler,31.91%,47,15,3
72,12.5,Jordan Spieth,31.91%,94,30,11
74,12.5,Keith Mitchell,31.90%,116,37,1
75,12.5,Zecheng Dou,31.88%,69,22,5
76,12.5,Brice Garnett,31.71%,41,13,2
76,12.5,Peter Malnati,31.71%,41,13,2
78,12.5,Michael Kim,31.63%,98,31,36
79,12.5,Patrick Cantlay,31.25%,64,20,-
79,12.5,Kevin Yu,31.25%,48,15,-
81,12.5,Emiliano Grillo,31.11%,90,28,-
82,12.5,Hideki Matsuyama,31.03%,87,27,16
83,12.5,Tom Kim,30.86%,81,25,2
84,12.5,Nick Taylor,30.48%,105,32,23
85,12.5,Tom Hoge,30.43%,115,35,12
85,12.5,Michael Thorbjornsen,30.43%,92,28,2
87,12.5,Jake Knapp,30.38%,79,24,1
88,12.5,Christiaan Bezuidenhout,30.36%,56,17,1
89,12.5,Eric Cole,30.26%,76,23,1
89,12.5,Max Homa,30.26%,76,23,5
91,12.5,Sepp Straka,30.14%,73,22,5
92,12.5,Jordan Smith,30.11%,93,28,20
93,12.5,Justin Thomas,30.00%,60,18,2
93,12.5,Davis Thompson,30.00%,60,18,2
93,12.5,Cameron Young,30.00%,80,24,38
96,12.5,Kevin Roy,29.87%,77,23,2
97,12.5,A.J. Ewart,29.69%,64,19,1
98,12.5,Ben Griffin,29.46%,112,33,31
99,12.5,Mackenzie Hughes,29.31%,58,17,1
100,12.5,Max Greyserman,29.23%,65,19,15
101,12.5,Jeffrey Kang,29.17%,48,14,2
102,12.5,Adam Schenk,29.11%,79,23,4
103,12.5,Davis Chatfield,28.85%,52,15,5
104,12.5,Alex Noren,28.79%,66,19,5
105,12.5,Ricky Castillo,28.72%,94,27,6
106,12.5,Bud Cauley,28.57%,105,30,3
106,12.5,Brandt Snedeker,28.57%,28,8,4
108,12.5,Rico Hoey,28.42%,95,27,3
109,12.5,Viktor Hovland,28.38%,74,21,8
110,12.5,Max McGreevy,28.09%,89,25,4
111,12.5,David Ford,28.07%,57,16,4
112,12.5,J.T. Poston,28.00%,100,28,21
113,12.5,John Parry,27.96%,93,26,4
113,12.5,Taylor Pendrith,27.96%,93,26,23
115,12.5,Xander Schauffele,27.94%,68,19,4
116,12.5,Luke Clanton,27.91%,43,12,4
117,12.5,Pierceson Coody,27.88%,104,29,-
118,12.5,Mark Hubbard,27.42%,62,17,5
118,12.5,Patton Kizzire,27.42%,62,17,5
120,12.5,Rafael Campos,27.27%,33,9,5
120,12.5,Doug Ghim,27.27%,55,15,5
122,12.5,Si Woo Kim,27.19%,114,31,31
123,12.5,Tony Finau,27.17%,92,25,4
124,12.5,Hank Lebioda,27.12%,59,16,4
125,12.5,Corey Conners,27.00%,100,27,20
126,12.5,J.J. Spaun,26.92%,78,21,5
127,12.5,Seamus Power,26.79%,56,15,3
128,12.5,Lucas Glover,26.76%,71,19,12
129,12.5,Joe Highsmith,26.67%,60,16,3
130,12.5,Alex Smalley,26.42%,106,28,8
131,12.5,Christo Lamprecht,26.19%,42,11,2
132,12.5,Aaron Rai,26.00%,50,13,3
133,12.5,Kris Ventura,25.93%,27,7,4
134,12.5,Jimmy Stanger,25.71%,35,9,4
135,12.5,Dylan Wu,25.58%,43,11,4
136,12.5,Sam Stevens,25.45%,110,28,19
137,12.5,Mac Meissner,25.33%,75,19,4
138,12.5,Nicolai Højgaard,25.25%,99,25,26
139,12.5,Cam Davis,25.00%,36,9,3
139,12.5,Nick Dunlap,25.00%,32,8,3
139,12.5,Adam Scott,25.00%,80,20,38
139,12.5,Adam Svensson,25.00%,44,11,3
143,12.5,Wyndham Clark,24.69%,81,20,3
144,12.5,Brooks Koepka,24.49%,49,12,3
145,12.5,Jesper Svensson,24.24%,33,8,3
146,12.5,Jhonattan Vegas,24.10%,83,20,15
147,12.5,Brian Campbell,23.94%,71,17,6
148,12.5,Justin Lower,23.81%,42,10,1
149,12.5,Jackson Suber,23.68%,38,9,2
150,12.5,Tommy Fleetwood,23.53%,68,16,-
151,12.5,Sami Valimaki,22.95%,61,14,1
152,12.5,Brian Harman,22.92%,96,22,2
153,12.5,Kensei Hirata,22.03%,59,13,4
154,12.5,Austin Smotherman,21.98%,91,20,5
155,12.5,Rasmus Neergaard-Petersen,21.95%,41,9,3
156,12.5,Chandler Blanchet,21.21%,66,14,1
157,12.5,Kurt Kitayama,21.11%,90,19,5
158,12.5,Justin Rose,19.30%,57,11,2
159,12.5,Thorbjørn Olesen,19.15%,47,9,4
160,12.5,Alejandro Tosti,19.05%,42,8,4
161,12.5,Marcelo Rozo,17.50%,40,7,4
162,12.5,Neal Shipley,15.38%,39,6,4
163,12.5,Garrick Higgo,14.49%,69,10,4
164,12.5,Isaiah Salinda,11.43%,35,4,4
1,10,A.J. Ewart,75.00%,20,15,-
1,10,Sam Ryder,75.00%,12,9,-
3,10,Peter Malnati,69.23%,13,9,-
4,10,Erik van Rooyen,66.67%,12,8,-
4,10,Danny Walker,66.67%,18,12,-
6,10,Sam Burns,64.29%,14,9,2
7,10,Rickie Fowler,63.16%,19,12,3
8,10,Max Homa,62.50%,16,10,3
9,10,Harris English,61.90%,21,13,5
10,10,David Lipsky,61.11%,18,11,10
11,10,Scottie Scheffler,60.87%,23,14,4
12,10,Michael Kim,60.00%,25,15,7
12,10,Hank Lebioda,60.00%,15,9,1
12,10,Rasmus Neergaard-Petersen,60.00%,10,6,1
12,10,Justin Thomas,60.00%,10,6,-
12,10,John VanDerLaan,60.00%,15,9,1
17,10,Akshay Bhatia,58.82%,17,10,-
18,10,Jacob Bridgeman,57.14%,28,16,7
19,10,Corey Conners,55.56%,27,15,3
19,10,Nico Echavarria,55.56%,18,10,9
19,10,Robert MacIntyre,55.56%,18,10,4
22,10,Max McGreevy,54.84%,31,17,2
23,10,Harry Hall,54.55%,22,12,5
24,10,Alex Smalley,54.17%,24,13,8
25,10,Patrick Cantlay,53.33%,15,8,1
25,10,Justin Lower,53.33%,15,8,1
27,10,Adam Schenk,52.94%,17,9,1
27,10,Karl Vilips,52.94%,17,9,1
29,10,Chandler Blanchet,52.63%,19,10,6
29,10,Chris Gotterup,52.63%,19,10,6
29,10,Chandler Phillips,52.63%,19,10,2
32,10,Brian Campbell,52.38%,21,11,22
33,10,Kevin Roy,52.17%,23,12,1
34,10,Jhonattan Vegas,51.85%,27,14,12
35,10,Matt Fitzpatrick,50.00%,28,14,-
35,10,Ben Griffin,50.00%,18,9,19
35,10,Stephan Jaeger,50.00%,26,13,-
35,10,Marco Penge,50.00%,12,6,-
35,10,J.T. Poston,50.00%,18,9,15
35,10,Chad Ramey,50.00%,14,7,-
35,10,Xander Schauffele,50.00%,26,13,-
42,10,Maverick McNealy,48.15%,27,13,20
43,10,S.H. Kim,47.83%,23,11,5
43,10,Jake Knapp,47.83%,23,11,5
43,10,Sahith Theegala,47.83%,23,11,11
43,10,Sudarshan Yellamaraju,47.83%,23,11,8
47,10,Shane Lowry,47.62%,21,10,9
47,10,Mac Meissner,47.62%,21,10,3
49,10,Zach Bauchou,47.37%,19,9,3
49,10,Johnny Keefer,47.37%,19,9,3
49,10,Cameron Young,47.37%,19,9,14
52,10,Jason Day,47.06%,17,8,17
52,10,Aldrich Potgieter,47.06%,17,8,17
54,10,Zecheng Dou,46.67%,15,7,2
55,10,Kensei Hirata,46.15%,13,6,6
55,10,Austin Smotherman,46.15%,13,6,30
57,10,Patrick Rodgers,45.83%,24,11,7
58,10,Adrien Dumont de Chassart,45.45%,11,5,5
58,10,Ryan Fox,45.45%,11,5,23
58,10,Matthieu Pavon,45.45%,11,5,5
61,10,Alex Noren,45.00%,20,9,5
61,10,Andrew Putnam,45.00%,20,9,6
63,10,Jordan Spieth,44.44%,27,12,11
63,10,Sepp Straka,44.44%,18,8,28
65,10,Sam Stevens,44.12%,34,15,2
66,10,Gary Woodland,44.00%,25,11,3
67,10,Rasmus Højgaard,43.75%,16,7,-
67,10,Hideki Matsuyama,43.75%,16,7,11
67,10,Taylor Pendrith,43.75%,32,14,11
70,10,Tony Finau,43.48%,23,10,1
71,10,Ryo Hisatsune,43.33%,30,13,9
72,10,Min Woo Lee,42.86%,21,9,-
72,10,J.J. Spaun,42.86%,21,9,28
74,10,Tommy Fleetwood,42.11%,19,8,18
74,10,John Parry,42.11%,19,8,1
74,10,Dylan Wu,42.11%,19,8,1
77,10,Taylor Moore,41.67%,12,5,-
78,10,Luke Clanton,41.18%,17,7,1
78,10,Justin Rose,41.18%,17,7,11
80,10,Emiliano Grillo,40.00%,20,8,1
80,10,Matt McCarty,40.00%,30,12,2
80,10,William Mouw,40.00%,10,4,1
80,10,Adam Scott,40.00%,15,6,37
84,10,Jordan Smith,39.29%,28,11,2
85,10,Isaiah Salinda,38.89%,18,7,1
85,10,Kevin Yu,38.89%,18,7,1
87,10,Wyndham Clark,38.46%,26,10,1
87,10,Brian Harman,38.46%,26,10,6
87,10,Russell Henley,38.46%,13,5,19
87,10,Keith Mitchell,38.46%,26,10,4
87,10,Gordon Sargent,38.46%,13,5,1
87,10,Vince Whaley,38.46%,13,5,1
93,10,Michael Brennan,37.50%,16,6,2
93,10,Bud Cauley,37.50%,24,9,21
93,10,Viktor Hovland,37.50%,16,6,13
96,10,Collin Morikawa,36.84%,19,7,5
97,10,Andrew Novak,36.36%,11,4,-
97,10,Davis Riley,36.36%,11,4,2
99,10,Eric Cole,35.71%,14,5,-
99,10,Max Greyserman,35.71%,14,5,13
101,10,Doug Ghim,35.29%,17,6,1
101,10,Tom Kim,35.29%,17,6,1
101,10,Sami Valimaki,35.29%,17,6,1
104,10,Nick Taylor,35.00%,20,7,10
104,10,Davis Thompson,35.00%,20,7,-
104,10,Matt Wallace,35.00%,20,7,2
107,10,Si Woo Kim,34.78%,23,8,12
108,10,Denny McCarthy,34.62%,26,9,3
109,10,Cam Davis,33.33%,12,4,3
109,10,Steven Fisk,33.33%,21,7,3
109,10,Garrick Higgo,33.33%,12,4,3
109,10,Rico Hoey,33.33%,27,9,3
109,10,Mackenzie Hughes,33.33%,12,4,3
114,10,Matti Schmid,31.82%,22,7,-
115,10,Ryan Gerard,31.58%,19,6,1
116,10,Tom Hoge,30.77%,13,4,21
116,10,Mark Hubbard,30.77%,13,4,1
116,10,Takumi Kanaya,30.77%,26,8,1
116,10,Seamus Power,30.77%,13,4,1
116,10,Aaron Rai,30.77%,13,4,1
121,10,Pierceson Coody,30.43%,23,7,7
122,10,Keegan Bradley,30.00%,20,6,6
122,10,Dan Brown,30.00%,10,3,2
124,10,Joe Highsmith,29.63%,27,8,1
125,10,Kurt Kitayama,29.03%,31,9,27
126,10,Ricky Castillo,28.57%,14,4,9
127,10,Daniel Berger,27.27%,33,9,1
128,10,Joel Dahmen,26.67%,15,4,11
128,10,Jeffrey Kang,26.67%,15,4,1
130,10,Chris Kirk,26.09%,23,6,-
131,10,Lucas Glover,25.00%,16,4,-
131,10,Billy Horschel,25.00%,20,5,-
131,10,Adam Svensson,25.00%,12,3,-
134,10,Michael Thorbjornsen,24.00%,25,6,8
135,10,David Ford,23.81%,21,5,1
136,10,Christiaan Bezuidenhout,23.53%,17,4,1
137,10,Ludvig Åberg,22.22%,18,4,1
137,10,Lee Hodges,22.22%,18,4,1
139,10,Nicolai Højgaard,21.43%,14,3,1
140,10,Brooks Koepka,21.05%,19,4,1
141,10,Adrien Saddier,20.00%,10,2,1
142,10,Haotong Li,14.29%,14,2,1
143,10,Beau Hossler,10.00%,10,1,1
143,10,Marcelo Rozo,10.00%,10,1,1
145,10,Kristoffer Reitan,8.33%,12,1,3
146,10,Austin Eckroat,0.00%,16,0,1
1,9,Christiaan Bezuidenhout,76.92%,13,10,-
2,9,Zecheng Dou,75.00%,16,12,-
3,9,Brian Campbell,71.43%,14,10,1
4,9,Beau Hossler,68.75%,16,11,2
4,9,Davis Riley,68.75%,16,11,2
6,9,Sam Burns,68.42%,19,13,2
6,9,Viktor Hovland,68.42%,19,13,36
6,9,Karl Vilips,68.42%,19,13,2
6,9,Vince Whaley,68.42%,19,13,2
10,9,S.H. Kim,66.67%,15,10,1
11,9,Sam Ryder,64.29%,14,9,2
11,9,Adam Svensson,64.29%,14,9,2
13,9,Tommy Fleetwood,63.64%,11,7,8
13,9,Rickie Fowler,63.64%,22,14,1
13,9,Kensei Hirata,63.64%,11,7,2
16,9,Eric Cole,63.16%,19,12,1
16,9,Marco Penge,63.16%,19,12,1
18,9,Akshay Bhatia,62.96%,27,17,8
19,9,Pierceson Coody,62.50%,16,10,5
20,9,A.J. Ewart,61.90%,21,13,1
21,9,Austin Eckroat,61.54%,13,8,1
21,9,Jimmy Stanger,61.54%,13,8,1
23,9,Michael Kim,61.29%,31,19,13
24,9,Mackenzie Hughes,61.11%,18,11,1
25,9,Nicolai Højgaard,60.87%,23,14,10
26,9,J.J. Spaun,59.09%,22,13,4
26,9,Jhonattan Vegas,59.09%,22,13,2
28,9,Robert MacIntyre,58.82%,17,10,1
29,9,Sam Stevens,58.33%,24,14,28
30,9,Nico Echavarria,57.69%,26,15,9
30,9,Steven Fisk,57.69%,26,15,1
32,9,Doug Ghim,57.14%,14,8,2
32,9,Kristoffer Reitan,57.14%,14,8,12
34,9,Ludvig Åberg,56.52%,23,13,-
34,9,Corey Conners,56.52%,23,13,18
36,9,Denny McCarthy,56.25%,32,18,1
36,9,Maverick McNealy,56.25%,32,18,3
36,9,Rasmus Neergaard-Petersen,56.25%,16,9,1
36,9,Sepp Straka,56.25%,16,9,11
40,9,Jordan Smith,55.56%,18,10,13
41,9,Jordan Spieth,54.84%,31,17,11
42,9,Luke Clanton,54.55%,11,6,4
43,9,Harris English,54.17%,24,13,35
44,9,Kevin Roy,54.05%,37,20,3
45,9,Ben Griffin,53.85%,26,14,6
45,9,Thorbjørn Olesen,53.85%,13,7,3
47,9,Pontus Nyholm,53.33%,15,8,-
47,9,Danny Walker,53.33%,15,8,-
47,9,Cameron Young,53.33%,15,8,5
50,9,Peter Malnati,52.94%,17,9,1
51,9,Max Greyserman,52.38%,21,11,4
52,9,Jacob Bridgeman,52.17%,23,12,2
52,9,Kurt Kitayama,52.17%,23,12,18
54,9,Ryan Gerard,51.85%,27,14,15
54,9,Chandler Phillips,51.85%,27,14,2
56,9,Daniel Berger,50.00%,28,14,14
56,9,Tony Finau,50.00%,20,10,1
56,9,Chris Gotterup,50.00%,30,15,12
56,9,Garrick Higgo,50.00%,20,10,1
56,9,Ryo Hisatsune,50.00%,42,21,1
56,9,Sungjae Im,50.00%,14,7,-
56,9,Si Woo Kim,50.00%,30,15,10
56,9,Christo Lamprecht,50.00%,10,5,1
56,9,Hideki Matsuyama,50.00%,20,10,29
56,9,Alex Noren,50.00%,22,11,17
56,9,Taylor Pendrith,50.00%,24,12,2
56,9,Aaron Rai,50.00%,10,5,1
56,9,Marcelo Rozo,50.00%,10,5,1
56,9,Xander Schauffele,50.00%,20,10,1
56,9,Kevin Streelman,50.00%,14,7,1
56,9,Jackson Suber,50.00%,10,5,1
72,9,Austin Smotherman,47.83%,23,11,21
73,9,Keegan Bradley,47.62%,21,10,-
73,9,Seamus Power,47.62%,21,10,3
73,9,Adam Scott,47.62%,21,10,12
73,9,Kevin Yu,47.62%,21,10,3
77,9,Shane Lowry,47.37%,19,9,1
78,9,Sahith Theegala,47.22%,36,17,1
79,9,Zach Bauchou,47.06%,34,16,4
79,9,Lucas Glover,47.06%,17,8,14
79,9,Mac Meissner,47.06%,17,8,4
82,9,David Ford,46.67%,15,7,4
83,9,Brice Garnett,46.15%,13,6,3
84,9,Sudarshan Yellamaraju,45.83%,24,11,24
85,9,Brooks Koepka,45.45%,11,5,3
85,9,Aldrich Potgieter,45.45%,22,10,33
85,9,Andrew Putnam,45.45%,22,10,8
85,9,Chad Ramey,45.45%,22,10,3
89,9,Min Woo Lee,45.00%,20,9,17
90,9,Brian Harman,44.44%,27,12,18
90,9,Stephan Jaeger,44.44%,27,12,5
90,9,Taylor Moore,44.44%,18,8,5
93,9,Jason Day,44.00%,25,11,25
94,9,Adrien Dumont de Chassart,43.75%,16,7,4
94,9,Justin Thomas,43.75%,16,7,14
96,9,Joe Highsmith,43.48%,23,10,5
96,9,Matthieu Pavon,43.48%,23,10,5
98,9,Ricky Castillo,42.86%,14,6,18
98,9,Matt Fitzpatrick,42.86%,21,9,5
98,9,Billy Horschel,42.86%,28,12,5
98,9,Max McGreevy,42.86%,21,9,5
98,9,William Mouw,42.86%,28,12,5
98,9,Adrien Saddier,42.86%,14,6,5
98,9,Matti Schmid,42.86%,21,9,5
105,9,Patrick Cantlay,42.11%,19,8,3
106,9,Bud Cauley,41.67%,24,10,3
106,9,Cam Davis,41.67%,12,5,3
106,9,Sami Valimaki,41.67%,24,10,3
109,9,Matt McCarty,41.38%,29,12,32
110,9,Joel Dahmen,41.18%,17,7,19
110,9,Harry Hall,41.18%,17,7,53
110,9,J.T. Poston,41.18%,17,7,30
113,9,Ryan Fox,40.91%,22,9,28
114,9,Wyndham Clark,40.00%,25,10,6
114,9,Rasmus Højgaard,40.00%,15,6,6
114,9,Mark Hubbard,40.00%,15,6,6
114,9,Patrick Rodgers,40.00%,30,12,15
114,9,Adam Schenk,40.00%,15,6,6
114,9,Dylan Wu,40.00%,10,4,6
120,9,Rico Hoey,38.89%,18,7,1
120,9,David Lipsky,38.89%,18,7,12
122,9,Erik van Rooyen,38.46%,13,5,1
123,9,Keith Mitchell,37.93%,29,11,16
124,9,Max Homa,37.50%,16,6,3
124,9,Jeffrey Kang,37.50%,16,6,-
126,9,Andrew Novak,37.04%,27,10,-
127,9,Collin Morikawa,36.84%,19,7,8
128,9,Tom Kim,36.36%,22,8,1
128,9,Alex Smalley,36.36%,33,12,20
130,9,Takumi Kanaya,36.00%,25,9,2
131,9,Chandler Blanchet,35.71%,14,5,49
132,9,Nick Taylor,35.00%,20,7,7
132,9,Michael Thorbjornsen,35.00%,20,7,1
134,9,Scottie Scheffler,34.78%,23,8,11
135,9,Dan Brown,33.33%,15,5,3
135,9,Emiliano Grillo,33.33%,15,5,3
135,9,Johnny Keefer,33.33%,15,5,3
135,9,Hank Lebioda,33.33%,21,7,3
139,9,Chris Kirk,31.82%,22,7,3
139,9,John Parry,31.82%,22,7,3
139,9,Gary Woodland,31.82%,22,7,1
142,9,Matt Wallace,31.25%,16,5,5
143,9,Neal Shipley,27.78%,18,5,1
144,9,Davis Chatfield,27.27%,11,3,1
144,9,Tom Hoge,27.27%,22,6,20
146,9,Davis Thompson,26.67%,15,4,2
146,9,Alejandro Tosti,26.67%,15,4,2
148,9,Jake Knapp,26.32%,19,5,2
149,9,Michael Brennan,25.00%,16,4,2
149,9,Russell Henley,25.00%,16,4,-
151,9,Haotong Li,21.05%,19,4,1
152,9,Justin Rose,18.18%,11,2,-
1,8,Pontus Nyholm,83.33%,12,10,-
2,8,Jesper Svensson,81.82%,11,9,-
3,8,Zecheng Dou,77.78%,18,14,-
4,8,David Lipsky,76.92%,13,10,-
5,8,J.T. Poston,75.00%,24,18,-
6,8,Davis Riley,73.33%,15,11,-
7,8,Akshay Bhatia,72.73%,22,16,3
8,8,Christiaan Bezuidenhout,71.43%,21,15,1
9,8,Robert MacIntyre,70.83%,24,17,1
10,8,John Parry,68.42%,19,13,-
10,8,Chandler Phillips,68.42%,19,13,-
12,8,Nicolai Højgaard,67.86%,28,19,31
13,8,Ryo Hisatsune,66.67%,36,24,4
13,8,Alex Noren,66.67%,21,14,4
13,8,Aaron Rai,66.67%,12,8,1
13,8,Jordan Smith,66.67%,33,22,16
13,8,Erik van Rooyen,66.67%,18,12,1
13,8,Kris Ventura,66.67%,15,10,1
19,8,Max Homa,65.71%,35,23,13
20,8,Denny McCarthy,65.22%,23,15,17
20,8,Vince Whaley,65.22%,23,15,4
22,8,Emiliano Grillo,65.00%,20,13,5
23,8,Joel Dahmen,64.71%,17,11,2
23,8,Davis Thompson,64.71%,17,11,4
25,8,Alex Smalley,64.29%,28,18,2
25,8,Dylan Wu,64.29%,14,9,4
27,8,Jake Knapp,64.00%,25,16,4
28,8,Jacob Bridgeman,63.64%,33,21,13
28,8,Rico Hoey,63.64%,22,14,1
28,8,Neal Shipley,63.64%,11,7,1
31,8,Andrew Putnam,62.96%,27,17,8
32,8,Keegan Bradley,62.50%,24,15,19
32,8,Patton Kizzire,62.50%,16,10,-
34,8,Harry Hall,62.07%,29,18,3
35,8,Billy Horschel,61.90%,21,13,2
36,8,Ryan Gerard,61.76%,34,21,4
37,8,Sam Stevens,61.54%,39,24,11
37,8,John VanDerLaan,61.54%,13,8,2
39,8,Matthieu Pavon,61.11%,18,11,3
39,8,Scottie Scheffler,61.11%,18,11,7
39,8,Cameron Young,61.11%,18,11,20
42,8,Brice Garnett,60.87%,23,14,1
43,8,Matti Schmid,60.71%,28,17,2
44,8,Austin Smotherman,60.47%,43,26,9
45,8,Brian Campbell,60.00%,20,12,15
45,8,Sudarshan Yellamaraju,60.00%,25,15,13
47,8,Daniel Berger,59.26%,27,16,15
47,8,Seamus Power,59.26%,27,16,2
49,8,Max Greyserman,59.09%,22,13,3
49,8,Karl Vilips,59.09%,22,13,2
51,8,Adrien Dumont de Chassart,58.82%,17,10,2
51,8,Viktor Hovland,58.82%,17,10,5
53,8,Luke Clanton,57.89%,19,11,4
54,8,Chad Ramey,57.69%,26,15,5
54,8,Sepp Straka,57.69%,26,15,6
56,8,Russell Henley,57.14%,21,12,3
56,8,Hideki Matsuyama,57.14%,35,20,16
56,8,Alejandro Tosti,57.14%,14,8,4
59,8,Kristoffer Reitan,56.76%,37,21,3
60,8,Kurt Kitayama,56.52%,23,13,59
61,8,Steven Fisk,56.25%,16,9,2
62,8,Johnny Keefer,56.00%,25,14,2
62,8,Xander Schauffele,56.00%,25,14,2
64,8,Brian Harman,55.56%,36,20,2
64,8,Min Woo Lee,55.56%,18,10,32
64,8,Shane Lowry,55.56%,18,10,32
64,8,Peter Malnati,55.56%,18,10,2
64,8,Taylor Moore,55.56%,18,10,2
69,8,Ludvig Åberg,55.00%,20,11,1
69,8,Pierceson Coody,55.00%,40,22,20
69,8,Ryan Fox,55.00%,20,11,27
72,8,A.J. Ewart,54.84%,31,17,1
73,8,Rasmus Neergaard-Petersen,54.55%,11,6,1
74,8,Bud Cauley,54.29%,35,19,45
75,8,Matt Fitzpatrick,54.17%,24,13,1
75,8,Tom Hoge,54.17%,24,13,18
75,8,Mac Meissner,54.17%,24,13,1
78,8,Sam Ryder,53.85%,13,7,2
78,8,Isaiah Salinda,53.85%,13,7,2
80,8,Davis Chatfield,53.33%,15,8,2
81,8,Thorbjørn Olesen,52.94%,17,9,1
81,8,Gary Woodland,52.94%,17,9,1
83,8,David Ford,52.63%,19,10,1
83,8,Max McGreevy,52.63%,19,10,1
83,8,Adam Scott,52.63%,19,10,17
86,8,Garrick Higgo,52.38%,21,11,2
86,8,Lee Hodges,52.38%,21,11,2
86,8,Matt Wallace,52.38%,21,11,10
89,8,Marco Penge,52.17%,23,12,3
90,8,Corey Conners,52.00%,25,13,4
90,8,Takumi Kanaya,52.00%,25,13,-
90,8,Chris Kirk,52.00%,25,13,-
90,8,Andrew Novak,52.00%,25,13,18
94,8,Joe Highsmith,51.72%,29,15,2
95,8,Sam Burns,51.61%,31,16,34
95,8,Michael Kim,51.61%,31,16,1
97,8,Zach Bauchou,50.00%,22,11,1
97,8,Chandler Blanchet,50.00%,14,7,1
97,8,Dan Brown,50.00%,10,5,1
97,8,Jason Day,50.00%,16,8,49
97,8,Austin Eckroat,50.00%,16,8,1
97,8,Chris Gotterup,50.00%,42,21,22
97,8,Ben Griffin,50.00%,24,12,11
97,8,Mackenzie Hughes,50.00%,18,9,1
97,8,Christo Lamprecht,50.00%,10,5,1
97,8,Hank Lebioda,50.00%,14,7,1
97,8,Justin Lower,50.00%,12,6,1
97,8,Keith Mitchell,50.00%,34,17,19
97,8,Aldrich Potgieter,50.00%,26,13,34
97,8,Adrien Saddier,50.00%,12,6,1
97,8,Nick Taylor,50.00%,32,16,5
97,8,Sahith Theegala,50.00%,32,16,3
97,8,Kevin Yu,50.00%,20,10,1
114,8,Patrick Rodgers,48.57%,35,17,1
115,8,J.J. Spaun,48.39%,31,15,1
116,8,Tommy Fleetwood,48.00%,25,12,1
116,8,Lucas Glover,48.00%,25,12,30
116,8,Tom Kim,48.00%,25,12,2
116,8,Maverick McNealy,48.00%,25,12,-
116,8,Jordan Spieth,48.00%,25,12,5
121,8,Sungjae Im,47.83%,23,11,25
121,8,Matt McCarty,47.83%,23,11,25
123,8,Patrick Cantlay,47.62%,21,10,6
124,8,Haotong Li,47.06%,17,8,3
124,8,Michael Thorbjornsen,47.06%,17,8,3
126,8,Harris English,46.88%,32,15,2
127,8,Michael Brennan,46.67%,30,14,3
127,8,Beau Hossler,46.67%,15,7,3
127,8,Jeffrey Kang,46.67%,15,7,3
127,8,Jimmy Stanger,46.67%,15,7,3
131,8,Ricky Castillo,46.15%,26,12,13
131,8,Tony Finau,46.15%,26,12,2
133,8,Taylor Pendrith,45.83%,24,11,37
134,8,Cam Davis,45.45%,11,5,3
134,8,Kevin Roy,45.45%,22,10,3
136,8,Adam Schenk,45.16%,31,14,1
137,8,Stephan Jaeger,45.00%,20,9,1
138,8,William Mouw,44.44%,18,8,1
139,8,S.H. Kim,44.00%,25,11,1
140,8,Doug Ghim,43.75%,16,7,1
140,8,Marcelo Rozo,43.75%,16,7,1
142,8,Sami Valimaki,43.48%,23,10,-
143,8,Eric Cole,42.86%,28,12,1
144,8,Rickie Fowler,42.11%,19,8,4
145,8,Rafael Campos,40.00%,10,4,4
145,8,Nico Echavarria,40.00%,25,10,3
145,8,Patrick Fishburn,40.00%,10,4,4
145,8,Kensei Hirata,40.00%,15,6,4
149,8,Si Woo Kim,39.39%,33,13,2
150,8,Wyndham Clark,38.89%,18,7,2
151,8,Mark Hubbard,38.10%,21,8,2
151,8,Adam Svensson,38.10%,21,8,2
153,8,Jackson Suber,36.84%,19,7,2
154,8,Justin Rose,36.36%,11,4,2
155,8,Danny Walker,35.00%,20,7,2
156,8,Collin Morikawa,30.77%,13,4,4
157,8,Jhonattan Vegas,28.57%,14,4,2
158,8,Justin Thomas,26.67%,15,4,-
1,7,Nick Dunlap,100.00%,10,10,-
2,7,Beau Hossler,92.31%,13,12,-
3,7,Jimmy Stanger,85.71%,14,12,1
4,7,Ben Griffin,84.85%,33,28,1
5,7,John Parry,82.35%,17,14,3
6,7,Eric Cole,81.82%,22,18,3
7,7,Justin Rose,80.77%,26,21,1
8,7,Christiaan Bezuidenhout,80.00%,20,16,2
8,7,A.J. Ewart,80.00%,25,20,2
8,7,Taylor Moore,80.00%,20,16,2
8,7,Thorbjørn Olesen,80.00%,20,16,2
12,7,Takumi Kanaya,77.27%,22,17,3
13,7,Haotong Li,76.47%,17,13,4
13,7,Adrien Saddier,76.47%,17,13,4
15,7,Alex Noren,75.86%,29,22,12
16,7,S.H. Kim,75.00%,20,15,3
16,7,Michael Thorbjornsen,75.00%,32,24,3
18,7,Sami Valimaki,74.19%,31,23,5
19,7,Jason Day,74.07%,27,20,4
20,7,Vince Whaley,73.91%,23,17,4
21,7,Patrick Cantlay,73.68%,19,14,4
22,7,Christo Lamprecht,73.33%,15,11,4
23,7,Rafael Campos,72.73%,11,8,5
23,7,William Mouw,72.73%,22,16,5
23,7,Andrew Putnam,72.73%,33,24,9
23,7,Gordon Sargent,72.73%,11,8,5
27,7,Min Woo Lee,72.50%,40,29,16
28,7,Ryan Fox,72.00%,25,18,9
28,7,Doug Ghim,72.00%,25,18,4
30,7,Scottie Scheffler,71.43%,14,10,20
31,7,Chris Gotterup,70.97%,31,22,10
32,7,Rasmus Højgaard,70.83%,24,17,3
33,7,Patrick Rodgers,70.27%,37,26,7
34,7,Mac Meissner,70.00%,20,14,3
35,7,Jacob Bridgeman,69.77%,43,30,28
36,7,Keith Mitchell,69.70%,33,23,1
37,7,Harry Hall,69.57%,23,16,9
37,7,Russell Henley,69.57%,23,16,4
39,7,Zach Bauchou,69.23%,26,18,2
40,7,Max Homa,68.97%,29,20,6
41,7,Kensei Hirata,68.42%,19,13,3
42,7,Alejandro Tosti,68.18%,22,15,3
43,7,Kevin Roy,68.00%,25,17,3
44,7,Nicolai Højgaard,67.86%,28,19,9
44,7,Johnny Keefer,67.86%,28,19,4
44,7,Michael Kim,67.86%,28,19,5
47,7,Rico Hoey,67.65%,34,23,2
48,7,Luke Clanton,66.67%,18,12,2
48,7,Lee Hodges,66.67%,27,18,2
48,7,Billy Horschel,66.67%,24,16,2
48,7,Sungjae Im,66.67%,15,10,29
48,7,Kurt Kitayama,66.67%,33,22,15
48,7,Matthieu Pavon,66.67%,24,16,2
48,7,Sam Ryder,66.67%,18,12,2
48,7,Jordan Spieth,66.67%,30,20,17
48,7,Sahith Theegala,66.67%,30,20,29
48,7,Justin Thomas,66.67%,18,12,42
58,7,Danny Walker,65.38%,26,17,-
59,7,Rickie Fowler,65.22%,23,15,1
59,7,Xander Schauffele,65.22%,23,15,-
59,7,J.J. Spaun,65.22%,23,15,11
62,7,Neal Shipley,65.00%,20,13,2
62,7,Karl Vilips,65.00%,20,13,2
64,7,Rasmus Neergaard-Petersen,64.71%,17,11,-
65,7,Cameron Young,64.52%,31,20,18
66,7,Brian Harman,64.29%,28,18,16
66,7,Stephan Jaeger,64.29%,28,18,1
66,7,Matt Wallace,64.29%,14,9,16
69,7,Marco Penge,64.00%,25,16,2
69,7,Seamus Power,64.00%,25,16,2
71,7,Jesper Svensson,63.64%,11,7,1
72,7,Jake Knapp,63.33%,30,19,2
73,7,Chris Kirk,62.96%,27,17,2
73,7,Adam Scott,62.96%,27,17,3
75,7,Jeffrey Kang,62.50%,16,10,2
76,7,Tommy Fleetwood,62.07%,29,18,6
76,7,Hideki Matsuyama,62.07%,29,18,1
78,7,Steven Fisk,61.90%,21,13,4
79,7,Ludvig Åberg,61.54%,26,16,4
79,7,Max McGreevy,61.54%,26,16,4
79,7,Kevin Streelman,61.54%,13,8,4
82,7,Daniel Berger,61.29%,31,19,6
82,7,Ricky Castillo,61.29%,31,19,15
84,7,Dan Brown,60.87%,23,14,6
85,7,Ryo Hisatsune,60.42%,48,29,2
85,7,Nick Taylor,60.42%,48,29,19
87,7,Garrick Higgo,60.00%,30,18,4
87,7,Tom Kim,60.00%,25,15,4
87,7,Isaiah Salinda,60.00%,10,6,4
87,7,Gary Woodland,60.00%,30,18,12
91,7,Pierceson Coody,59.46%,37,22,-
92,7,Harris English,58.82%,34,20,11
92,7,Taylor Pendrith,58.82%,34,20,1
92,7,Sudarshan Yellamaraju,58.82%,34,20,1
95,7,Tom Hoge,58.62%,29,17,4
95,7,Chad Ramey,58.62%,29,17,4
97,7,David Ford,58.33%,24,14,5
97,7,Adam Svensson,58.33%,12,7,5
99,7,Si Woo Kim,58.06%,31,18,28
99,7,Robert MacIntyre,58.06%,31,18,6
99,7,Jordan Smith,58.06%,31,18,28
99,7,Sepp Straka,58.06%,31,18,18
103,7,Mackenzie Hughes,57.89%,19,11,3
104,7,Viktor Hovland,57.69%,26,15,17
104,7,Chandler Phillips,57.69%,26,15,3
106,7,Brooks Koepka,57.14%,14,8,2
106,7,Davis Riley,57.14%,21,12,2
106,7,John VanDerLaan,57.14%,21,12,2
109,7,David Lipsky,56.52%,23,13,32
110,7,Ryan Gerard,56.41%,39,22,1
111,7,Davis Chatfield,56.25%,16,9,2
111,7,Corey Conners,56.25%,32,18,12
111,7,Pontus Nyholm,56.25%,16,9,2
111,7,Kristoffer Reitan,56.25%,32,18,26
111,7,Adam Schenk,56.25%,32,18,2
111,7,Erik van Rooyen,56.25%,16,9,2
117,7,Austin Smotherman,56.00%,25,14,19
118,7,Matt McCarty,55.56%,45,25,-
119,7,Denny McCarthy,55.00%,40,22,15
120,7,Tony Finau,54.84%,31,17,-
121,7,Wyndham Clark,54.29%,35,19,1
122,7,Cam Davis,53.85%,13,7,1
122,7,Adrien Dumont de Chassart,53.85%,13,7,1
122,7,Dylan Wu,53.85%,13,7,1
125,7,Matt Fitzpatrick,53.57%,28,15,2
126,7,Emiliano Grillo,53.33%,15,8,4
126,7,Alex Smalley,53.33%,30,16,3
126,7,Jackson Suber,53.33%,15,8,4
129,7,Andrew Novak,52.94%,34,18,17
130,7,Hank Lebioda,52.63%,19,10,5
130,7,Kevin Yu,52.63%,19,10,5
132,7,Nico Echavarria,52.38%,21,11,43
133,7,Matti Schmid,52.00%,25,13,4
134,7,Maverick McNealy,51.61%,31,16,12
135,7,Sam Stevens,51.22%,41,21,10
136,7,Akshay Bhatia,50.00%,38,19,3
136,7,Keegan Bradley,50.00%,22,11,4
136,7,Michael Brennan,50.00%,26,13,4
136,7,Sam Burns,50.00%,20,10,15
136,7,Brian Campbell,50.00%,20,10,45
136,7,Austin Eckroat,50.00%,22,11,4
136,7,Patton Kizzire,50.00%,20,10,4
136,7,Brandt Snedeker,50.00%,12,6,4
144,7,Jhonattan Vegas,48.57%,35,17,14
145,7,Shane Lowry,48.00%,25,12,7
146,7,Joel Dahmen,47.83%,23,11,28
146,7,Peter Malnati,47.83%,23,11,1
148,7,Max Greyserman,47.62%,21,10,15
148,7,Aaron Rai,47.62%,21,10,1
150,7,J.T. Poston,45.45%,22,10,3
151,7,Aldrich Potgieter,44.83%,29,13,4
152,7,Chandler Blanchet,44.44%,18,8,2
152,7,Lucas Glover,44.44%,18,8,3
154,7,Bud Cauley,42.31%,26,11,5
154,7,Collin Morikawa,42.31%,26,11,4
156,7,Davis Thompson,40.91%,22,9,-
157,7,Joe Highsmith,40.48%,42,17,-
158,7,Mark Hubbard,38.89%,18,7,1
159,7,Brice Garnett,38.46%,13,5,1
160,7,Zecheng Dou,31.25%,16,5,1
161,7,Marcelo Rozo,30.00%,10,3,1
1,6,Haotong Li,92.00%,25,23,-
2,6,Lee Hodges,91.30%,23,21,1
3,6,Vince Whaley,89.66%,29,26,1
4,6,Beau Hossler,88.89%,18,16,2
5,6,Denny McCarthy,87.50%,48,42,2
6,6,Jimmy Stanger,86.67%,15,13,1
7,6,Gary Woodland,86.21%,29,25,3
8,6,Justin Lower,85.71%,14,12,1
9,6,Jacob Bridgeman,84.85%,33,28,9
9,6,Sam Burns,84.85%,33,28,5
11,6,Sudarshan Yellamaraju,83.78%,37,31,2
12,6,Eric Cole,83.33%,30,25,2
12,6,Davis Riley,83.33%,24,20,2
12,6,Sami Valimaki,83.33%,24,20,2
15,6,Rickie Fowler,82.76%,29,24,11
16,6,Max Greyserman,82.61%,23,19,8
17,6,Kevin Streelman,82.35%,17,14,3
18,6,Mackenzie Hughes,82.14%,28,23,4
18,6,Jeffrey Kang,82.14%,28,23,4
20,6,Ricky Castillo,82.05%,39,32,8
20,6,Michael Kim,82.05%,39,32,8
22,6,Rico Hoey,81.58%,38,31,3
23,6,Nick Dunlap,81.25%,16,13,4
23,6,Sungjae Im,81.25%,16,13,8
25,6,Kensei Hirata,80.95%,21,17,4
26,6,Akshay Bhatia,80.00%,30,24,11
26,6,Si Woo Kim,80.00%,50,40,15
26,6,Shane Lowry,80.00%,30,24,4
26,6,Sam Ryder,80.00%,20,16,5
30,6,Kevin Roy,79.31%,29,23,4
31,6,David Lipsky,78.57%,28,22,-
32,6,Harris English,78.26%,23,18,9
33,6,Tommy Fleetwood,78.13%,32,25,4
34,6,Steven Fisk,77.78%,36,28,3
34,6,Tom Hoge,77.78%,45,35,13
34,6,Alex Smalley,77.78%,45,35,15
34,6,Justin Thomas,77.78%,18,14,24
38,6,Thorbjørn Olesen,77.27%,22,17,3
39,6,Wyndham Clark,77.14%,35,27,6
40,6,Matthieu Pavon,76.92%,26,20,6
40,6,Andrew Putnam,76.92%,39,30,35
42,6,Matt McCarty,76.79%,56,43,14
43,6,Stephan Jaeger,76.67%,30,23,5
44,6,Russell Henley,76.47%,34,26,26
44,6,Collin Morikawa,76.47%,34,26,10
46,6,Ludvig Åberg,76.19%,21,16,3
46,6,David Ford,76.19%,21,16,3
46,6,Karl Vilips,76.19%,21,16,3
49,6,Sam Stevens,76.00%,25,19,8
50,6,S.H. Kim,75.86%,29,22,3
50,6,Tom Kim,75.86%,29,22,3
50,6,Jake Knapp,75.86%,29,22,3
53,6,Michael Thorbjornsen,75.76%,33,25,14
54,6,Hank Lebioda,75.00%,24,18,2
54,6,Hideki Matsuyama,75.00%,40,30,9
54,6,Pontus Nyholm,75.00%,12,9,2
54,6,Chad Ramey,75.00%,24,18,2
58,6,Daniel Berger,74.51%,51,38,9
59,6,Chris Gotterup,74.36%,39,29,14
59,6,Jordan Smith,74.36%,39,29,23
59,6,Jhonattan Vegas,74.36%,39,29,3
62,6,Brian Campbell,73.91%,46,34,32
62,6,Isaiah Salinda,73.91%,23,17,1
62,6,John VanDerLaan,73.91%,23,17,1
65,6,Rasmus Højgaard,73.68%,19,14,2
66,6,A.J. Ewart,73.53%,34,25,-
67,6,Austin Eckroat,73.33%,30,22,-
67,6,Doug Ghim,73.33%,15,11,-
69,6,Takumi Kanaya,73.08%,26,19,3
70,6,Taylor Pendrith,72.97%,37,27,15
70,6,Chandler Phillips,72.97%,37,27,3
72,6,Michael Brennan,72.73%,33,24,3
72,6,Bud Cauley,72.73%,33,24,13
72,6,Taylor Moore,72.73%,22,16,3
72,6,Adrien Saddier,72.73%,22,16,3
72,6,Matt Wallace,72.73%,22,16,37
77,6,Nicolai Højgaard,72.41%,29,21,20
77,6,Mac Meissner,72.41%,29,21,2
79,6,Matti Schmid,72.22%,36,26,2
80,6,Max Homa,71.88%,32,23,1
80,6,Adam Schenk,71.88%,32,23,4
82,6,Keith Mitchell,71.43%,42,30,32
82,6,Rasmus Neergaard-Petersen,71.43%,14,10,3
82,6,Marco Penge,71.43%,28,20,3
82,6,Erik van Rooyen,71.43%,28,20,3
86,6,Emiliano Grillo,70.83%,24,17,5
86,6,William Mouw,70.83%,24,17,5
86,6,Dylan Wu,70.83%,24,17,5
89,6,Adrien Dumont de Chassart,70.59%,17,12,6
89,6,Davis Thompson,70.59%,17,12,6
91,6,Jordan Spieth,70.45%,44,31,8
92,6,Lucas Glover,70.37%,27,19,34
92,6,Chris Kirk,70.37%,27,19,5
92,6,Seamus Power,70.37%,27,19,5
95,6,Peter Malnati,70.00%,20,14,5
95,6,Alex Noren,70.00%,30,21,10
95,6,Kristoffer Reitan,70.00%,20,14,32
98,6,Austin Smotherman,69.57%,23,16,12
99,6,Alejandro Tosti,69.23%,13,9,2
100,6,Zach Bauchou,68.97%,29,20,4
100,6,Zecheng Dou,68.97%,29,20,4
100,6,Robert MacIntyre,68.97%,29,20,4
103,6,Joe Highsmith,68.89%,45,31,4
104,6,Patrick Fishburn,68.75%,16,11,4
104,6,Justin Rose,68.75%,16,11,26
106,6,Pierceson Coody,68.42%,38,26,7
106,6,Ryan Fox,68.42%,19,13,25
108,6,Corey Conners,68.29%,41,28,20
109,6,Nick Taylor,67.92%,53,36,6
110,6,J.T. Poston,67.86%,28,19,9
111,6,Billy Horschel,67.74%,31,21,1
111,6,Min Woo Lee,67.74%,31,21,5
113,6,Patton Kizzire,67.57%,37,25,1
114,6,Ryan Gerard,67.50%,40,27,47
115,6,Christiaan Bezuidenhout,66.67%,36,24,1
115,6,Rafael Campos,66.67%,15,10,1
115,6,Luke Clanton,66.67%,21,14,1
115,6,Joel Dahmen,66.67%,27,18,5
115,6,Nico Echavarria,66.67%,33,22,27
115,6,Garrick Higgo,66.67%,33,22,1
115,6,Christo Lamprecht,66.67%,21,14,1
115,6,Marcelo Rozo,66.67%,15,10,1
123,6,Harry Hall,65.71%,35,23,13
123,6,Xander Schauffele,65.71%,35,23,1
125,6,Cameron Young,65.38%,26,17,-
126,6,Brooks Koepka,65.00%,20,13,-
127,6,Kurt Kitayama,64.86%,37,24,20
128,6,Sepp Straka,64.71%,34,22,12
128,6,Kris Ventura,64.71%,17,11,1
130,6,Davis Chatfield,64.29%,14,9,-
131,6,Matt Fitzpatrick,63.64%,33,21,1
131,6,Ben Griffin,63.64%,33,21,4
133,6,Ryo Hisatsune,63.46%,52,33,12
134,6,Tony Finau,63.16%,38,24,-
134,6,Brian Harman,63.16%,38,24,20
136,6,Jason Day,62.86%,35,22,-
137,6,Max McGreevy,62.50%,32,20,1
137,6,Jackson Suber,62.50%,16,10,1
139,6,Danny Walker,62.07%,29,18,1
140,6,Patrick Cantlay,61.54%,26,16,2
140,6,John Parry,61.54%,26,16,2
140,6,Patrick Rodgers,61.54%,39,24,25
143,6,Scottie Scheffler,60.98%,41,25,27
144,6,Maverick McNealy,60.87%,46,28,11
145,6,J.J. Spaun,60.61%,33,20,13
146,6,Mark Hubbard,60.00%,30,18,1
146,6,Gordon Sargent,60.00%,15,9,1
146,6,Adam Scott,60.00%,40,24,-
146,6,Neal Shipley,60.00%,20,12,1
150,6,Andrew Novak,59.52%,42,25,7
151,6,Brice Garnett,59.09%,22,13,1
151,6,Kevin Yu,59.09%,22,13,1
153,6,Cam Davis,58.82%,17,10,1
153,6,Viktor Hovland,58.82%,34,20,6
155,6,Sahith Theegala,55.88%,34,19,1
156,6,Dan Brown,55.56%,18,10,3
156,6,Aaron Rai,55.56%,27,15,3
158,6,Chandler Blanchet,55.00%,20,11,4
159,6,Keegan Bradley,53.85%,26,14,7
159,6,Johnny Keefer,53.85%,26,14,2
161,6,Aldrich Potgieter,51.85%,27,14,1
162,6,Jesper Svensson,50.00%,12,6,-
1,5,Alex Smalley,95.35%,43,41,4
2,5,Jimmy Stanger,95.00%,20,19,3
3,5,Jacob Bridgeman,94.44%,54,51,1
4,5,Matthieu Pavon,93.94%,33,31,3
4,5,Matt Wallace,93.94%,33,31,4
6,5,Sudarshan Yellamaraju,93.18%,44,41,3
7,5,Daniel Berger,92.31%,39,36,8
8,5,Max McGreevy,91.67%,48,44,2
9,5,Peter Malnati,91.30%,23,21,3
9,5,Thorbjørn Olesen,91.30%,23,21,3
9,5,Vince Whaley,91.30%,23,21,3
12,5,Max Greyserman,91.18%,34,31,6
13,5,Davis Chatfield,90.91%,22,20,2
14,5,Nicolai Højgaard,90.38%,52,47,3
15,5,Takumi Kanaya,89.74%,39,35,4
16,5,John VanDerLaan,89.66%,29,26,4
17,5,Harry Hall,89.58%,48,43,11
18,5,Rafael Campos,89.29%,28,25,3
18,5,Cam Davis,89.29%,28,25,3
20,5,Gary Woodland,89.19%,37,33,18
21,5,Matt McCarty,89.13%,46,41,9
21,5,Chad Ramey,89.13%,46,41,2
23,5,Patton Kizzire,88.89%,18,16,1
23,5,Shane Lowry,88.89%,36,32,10
25,5,Keith Mitchell,88.64%,44,39,19
26,5,Chris Kirk,88.57%,35,31,1
27,5,Haotong Li,88.37%,43,38,-
28,5,Lucas Glover,87.80%,41,36,18
29,5,Joe Highsmith,87.72%,57,50,3
30,5,Xander Schauffele,87.50%,32,28,3
31,5,Tommy Fleetwood,87.18%,39,34,10
32,5,Bud Cauley,87.04%,54,47,8
33,5,Christo Lamprecht,86.96%,23,20,2
33,5,Jackson Suber,86.96%,23,20,2
35,5,Ryan Gerard,86.67%,45,39,5
36,5,Jake Knapp,86.11%,36,31,8
37,5,Nick Dunlap,85.71%,21,18,9
37,5,Brice Garnett,85.71%,14,12,9
37,5,William Mouw,85.71%,28,24,9
37,5,Kevin Streelman,85.71%,14,12,9
37,5,Erik van Rooyen,85.71%,21,18,9
42,5,Ben Griffin,85.37%,41,35,39
43,5,Davis Riley,85.29%,34,29,10
44,5,Scottie Scheffler,85.19%,54,46,16
45,5,Viktor Hovland,85.00%,40,34,8
46,5,Patrick Rodgers,84.85%,66,56,-
47,5,Tom Kim,84.78%,46,39,11
48,5,Christiaan Bezuidenhout,84.62%,26,22,12
48,5,Mackenzie Hughes,84.62%,26,22,12
48,5,Justin Rose,84.62%,26,22,9
51,5,Jason Day,84.44%,45,38,15
51,5,Tom Hoge,84.44%,45,38,9
53,5,Chandler Phillips,84.21%,38,32,13
54,5,Nico Echavarria,84.09%,44,37,1
55,5,Mac Meissner,84.00%,25,21,15
55,5,Nick Taylor,84.00%,50,42,3
57,5,Ryo Hisatsune,83.93%,56,47,1
58,5,Sam Burns,83.87%,31,26,39
58,5,Adrien Dumont de Chassart,83.87%,31,26,13
58,5,David Lipsky,83.87%,31,26,32
61,5,Zach Bauchou,83.78%,37,31,11
61,5,Alex Noren,83.78%,37,31,28
63,5,Maverick McNealy,83.67%,49,41,21
63,5,Adam Schenk,83.67%,49,41,10
65,5,Akshay Bhatia,83.33%,36,30,-
65,5,Brian Harman,83.33%,42,35,1
65,5,Kensei Hirata,83.33%,30,25,9
65,5,S.H. Kim,83.33%,48,40,9
65,5,Adam Scott,83.33%,30,25,23
65,5,Sahith Theegala,83.33%,60,50,11
65,5,Michael Thorbjornsen,83.33%,42,35,28
72,5,Austin Smotherman,83.02%,53,44,24
73,5,Ricky Castillo,82.98%,47,39,4
73,5,Sepp Straka,82.98%,47,39,21
75,5,Jhonattan Vegas,82.86%,35,29,26
76,5,Hideki Matsuyama,82.76%,58,48,3
76,5,Adrien Saddier,82.76%,29,24,2
78,5,Chris Gotterup,82.69%,52,43,17
79,5,Luke Clanton,82.35%,17,14,2
79,5,Matt Fitzpatrick,82.35%,34,28,2
79,5,Min Woo Lee,82.35%,51,42,6
82,5,Eric Cole,82.05%,39,32,4
83,5,Kristoffer Reitan,82.00%,50,41,23
83,5,Matti Schmid,82.00%,50,41,5
85,5,Russell Henley,81.82%,44,36,19
85,5,Rasmus Højgaard,81.82%,22,18,4
85,5,Jeffrey Kang,81.82%,22,18,4
88,5,Chandler Blanchet,81.58%,38,31,59
88,5,Keegan Bradley,81.58%,38,31,50
88,5,Zecheng Dou,81.58%,38,31,4
88,5,Jordan Spieth,81.58%,38,31,7
92,5,Rickie Fowler,81.40%,43,35,6
93,5,Harris English,81.25%,48,39,13
93,5,Brooks Koepka,81.25%,32,26,-
95,5,Kurt Kitayama,80.95%,42,34,20
96,5,Tony Finau,80.77%,52,42,1
96,5,Mark Hubbard,80.77%,26,21,1
98,5,John Parry,80.65%,31,25,3
98,5,Seamus Power,80.65%,31,25,3
100,5,Wyndham Clark,80.49%,41,33,5
101,5,Marco Penge,80.43%,46,37,5
102,5,Joel Dahmen,80.00%,30,24,29
102,5,David Ford,80.00%,25,20,7
102,5,Ryan Fox,80.00%,35,28,15
102,5,Beau Hossler,80.00%,40,32,7
102,5,Si Woo Kim,80.00%,55,44,6
102,5,Denny McCarthy,80.00%,55,44,5
102,5,Taylor Moore,80.00%,35,28,7
102,5,Kevin Roy,80.00%,35,28,7
102,5,Sam Ryder,80.00%,20,16,7
102,5,Brandt Snedeker,80.00%,15,12,7
102,5,Sam Stevens,80.00%,55,44,38
113,5,Andrew Putnam,79.63%,54,43,8
114,5,Michael Kim,79.55%,44,35,16
115,5,Robert MacIntyre,79.41%,34,27,1
116,5,Dan Brown,79.31%,29,23,1
116,5,Garrick Higgo,79.31%,29,23,1
116,5,Karl Vilips,79.31%,29,23,1
119,5,Lee Hodges,79.17%,24,19,2
119,5,Aaron Rai,79.17%,24,19,2
119,5,Neal Shipley,79.17%,24,19,2
122,5,Collin Morikawa,79.07%,43,34,45
123,5,Rasmus Neergaard-Petersen,78.95%,19,15,2
124,5,Hank Lebioda,78.79%,33,26,2
125,5,Stephan Jaeger,78.57%,28,22,2
125,5,Justin Lower,78.57%,14,11,2
127,5,Billy Horschel,78.43%,51,40,2
128,5,Doug Ghim,77.78%,18,14,3
128,5,Gordon Sargent,77.78%,18,14,3
130,5,Steven Fisk,77.50%,40,31,5
130,5,Aldrich Potgieter,77.50%,40,31,11
132,5,Patrick Cantlay,77.42%,31,24,4
133,5,Michael Brennan,77.14%,35,27,4
134,5,Pontus Nyholm,76.67%,30,23,4
135,5,Taylor Pendrith,76.32%,38,29,13
135,5,Sami Valimaki,76.32%,38,29,4
137,5,Pierceson Coody,76.19%,42,32,6
138,5,J.J. Spaun,76.09%,46,35,9
139,5,A.J. Ewart,75.86%,29,22,1
140,5,Austin Eckroat,75.00%,28,21,3
140,5,Sungjae Im,75.00%,20,15,14
140,5,Andrew Novak,75.00%,48,36,3
140,5,Davis Thompson,75.00%,32,24,3
144,5,Cameron Young,74.29%,35,26,17
145,5,Rico Hoey,74.00%,50,37,4
146,5,Jordan Smith,73.33%,45,33,15
147,5,Brian Campbell,73.17%,41,30,5
148,5,Dylan Wu,73.08%,26,19,2
149,5,Max Homa,72.92%,48,35,7
150,5,J.T. Poston,72.73%,33,24,3
151,5,Alejandro Tosti,72.22%,18,13,3
152,5,Emiliano Grillo,71.74%,46,33,4
153,5,Ludvig Åberg,70.37%,27,19,4
154,5,Jesper Svensson,70.00%,20,14,4
155,5,Adam Svensson,69.57%,23,16,5
156,5,Corey Conners,69.05%,42,29,2
157,5,Marcelo Rozo,68.75%,16,11,5
157,5,Isaiah Salinda,68.75%,16,11,5
157,5,Kris Ventura,68.75%,16,11,5
160,5,Danny Walker,68.42%,38,26,5
161,5,Kevin Yu,64.71%,34,22,5
162,5,Justin Thomas,63.64%,22,14,5
163,5,Johnny Keefer,59.26%,27,16,5
1,4,S.H. Kim,100.00%,51,51,-
1,4,Pontus Nyholm,100.00%,30,30,-
1,4,Brandt Snedeker,100.00%,26,26,-
1,4,Kris Ventura,100.00%,18,18,-
5,4,Takumi Kanaya,98.28%,58,57,2
6,4,Chandler Phillips,98.25%,57,56,2
7,4,Eric Cole,98.15%,54,53,2
8,4,Karl Vilips,98.11%,53,52,2
9,4,Sahith Theegala,98.08%,104,102,3
10,4,Jacob Bridgeman,97.96%,98,96,4
11,4,Ludvig Åberg,97.87%,47,46,-
12,4,Brice Garnett,97.73%,44,43,1
13,4,Maverick McNealy,97.47%,79,77,1
14,4,Kevin Streelman,97.22%,36,35,2
15,4,Ricky Castillo,96.92%,65,63,6
16,4,David Ford,96.88%,32,31,1
17,4,Matt Fitzpatrick,96.61%,59,57,2
17,4,Kurt Kitayama,96.61%,59,57,6
17,4,Denny McCarthy,96.61%,59,57,10
17,4,John Parry,96.61%,59,57,2
21,4,Russell Henley,96.43%,56,54,13
21,4,Beau Hossler,96.43%,28,27,-
23,4,Joe Highsmith,96.36%,55,53,-
23,4,Mac Meissner,96.36%,55,53,-
25,4,Gordon Sargent,96.30%,27,26,1
26,4,Keith Mitchell,96.26%,107,103,9
27,4,Adam Svensson,96.15%,26,25,-
27,4,Davis Thompson,96.15%,52,50,-
29,4,Jason Day,96.08%,51,49,13
29,4,Mackenzie Hughes,96.08%,51,49,2
31,4,Brian Harman,96.00%,75,72,10
31,4,Adam Scott,96.00%,50,48,20
31,4,Sami Valimaki,96.00%,50,48,2
34,4,Steven Fisk,95.92%,49,47,-
35,4,Danny Walker,95.83%,48,46,1
36,4,Austin Eckroat,95.65%,46,44,1
36,4,Garrick Higgo,95.65%,46,44,1
36,4,Justin Rose,95.65%,46,44,23
36,4,Jackson Suber,95.65%,46,44,1
40,4,Rico Hoey,95.52%,67,64,-
40,4,Sudarshan Yellamaraju,95.52%,67,64,9
42,4,Scottie Scheffler,95.45%,44,42,27
43,4,Alex Smalley,95.40%,87,83,11
44,4,A.J. Ewart,95.35%,43,41,2
44,4,Patton Kizzire,95.35%,43,41,2
46,4,Max Homa,95.31%,64,61,3
47,4,Dan Brown,95.24%,42,40,2
47,4,Cam Davis,95.24%,42,40,2
47,4,Tony Finau,95.24%,63,60,2
47,4,Shane Lowry,95.24%,42,40,8
51,4,Adrien Dumont de Chassart,95.08%,61,58,1
52,4,Doug Ghim,95.00%,40,38,1
52,4,Davis Riley,95.00%,40,38,1
54,4,Christo Lamprecht,94.87%,39,37,1
55,4,Taylor Moore,94.83%,58,55,2
56,4,Jake Knapp,94.64%,56,53,2
57,4,Davis Chatfield,94.59%,37,35,2
58,4,Nicolai Højgaard,94.52%,73,69,6
59,4,Nico Echavarria,94.29%,70,66,11
59,4,Hideki Matsuyama,94.29%,70,66,17
59,4,Rasmus Neergaard-Petersen,94.29%,35,33,2
59,4,Adrien Saddier,94.29%,35,33,2
63,4,Haotong Li,94.23%,52,49,-
64,4,Aaron Rai,94.12%,51,48,2
65,4,Matti Schmid,93.94%,66,62,2
66,4,Rasmus Højgaard,93.88%,49,46,2
66,4,William Mouw,93.88%,49,46,2
66,4,J.T. Poston,93.88%,49,46,19
69,4,Ben Griffin,93.85%,65,61,8
70,4,Michael Brennan,93.75%,48,45,-
70,4,Kensei Hirata,93.75%,48,45,-
70,4,Vince Whaley,93.75%,32,30,-
73,4,Nick Taylor,93.42%,76,71,9
74,4,Chandler Blanchet,93.33%,60,56,17
74,4,Chad Ramey,93.33%,60,56,3
74,4,Kevin Roy,93.33%,45,42,3
74,4,Neal Shipley,93.33%,45,42,3
78,4,Tom Kim,93.22%,59,55,4
78,4,Chris Kirk,93.22%,59,55,4
80,4,Brian Campbell,93.10%,58,54,15
80,4,Jordan Smith,93.10%,58,54,14
82,4,Daniel Berger,92.98%,57,53,13
82,4,Seamus Power,92.98%,57,53,4
84,4,Wyndham Clark,92.86%,56,52,3
84,4,Mark Hubbard,92.86%,42,39,3
84,4,Marcelo Rozo,92.86%,28,26,3
87,4,Tom Hoge,92.65%,68,63,12
87,4,J.J. Spaun,92.65%,68,63,13
87,4,Michael Thorbjornsen,92.65%,68,63,10
90,4,Akshay Bhatia,92.59%,54,50,5
90,4,Aldrich Potgieter,92.59%,54,50,16
92,4,Gary Woodland,92.45%,53,49,14
93,4,Harry Hall,92.42%,66,61,9
94,4,David Lipsky,92.31%,52,48,31
94,4,Kristoffer Reitan,92.31%,65,60,16
96,4,Rickie Fowler,92.06%,63,58,5
96,4,Jordan Spieth,92.06%,63,58,21
98,4,Matt McCarty,92.00%,75,69,5
99,4,Peter Malnati,91.89%,37,34,2
100,4,Viktor Hovland,91.80%,61,56,18
100,4,Min Woo Lee,91.80%,61,56,10
102,4,Sam Burns,91.67%,48,44,57
102,4,Jeffrey Kang,91.67%,36,33,-
102,4,Alex Noren,91.67%,48,44,16
105,4,Zach Bauchou,91.49%,47,43,1
106,4,Christiaan Bezuidenhout,91.43%,35,32,1
106,4,Ryan Gerard,91.43%,70,64,16
108,4,Patrick Rodgers,91.36%,81,74,10
109,4,Billy Horschel,91.30%,69,63,3
110,4,Emiliano Grillo,91.23%,57,52,-
111,4,Nick Dunlap,91.18%,34,31,2
111,4,Isaiah Salinda,91.18%,34,31,2
113,4,Ryan Fox,90.91%,55,50,38
113,4,Sungjae Im,90.91%,33,30,24
115,4,Pierceson Coody,90.79%,76,69,9
116,4,Matthieu Pavon,90.77%,65,59,5
117,4,Ryo Hisatsune,90.70%,86,78,1
118,4,Xander Schauffele,90.63%,64,58,4
119,4,Tommy Fleetwood,90.48%,42,38,20
120,4,Sam Ryder,90.32%,31,28,4
120,4,Justin Thomas,90.32%,31,28,29
122,4,Harris English,90.00%,80,72,22
122,4,Robert MacIntyre,90.00%,60,54,5
122,4,Jimmy Stanger,90.00%,20,18,5
122,4,Kevin Yu,90.00%,40,36,5
126,4,Cameron Young,89.86%,69,62,6
127,4,Matt Wallace,89.80%,49,44,34
128,4,Patrick Fishburn,89.66%,29,26,4
129,4,Jhonattan Vegas,89.58%,48,43,16
130,4,Bud Cauley,89.53%,86,77,4
130,4,Si Woo Kim,89.53%,86,77,1
132,4,Zecheng Dou,89.47%,57,51,3
132,4,Chris Gotterup,89.47%,57,51,6
132,4,Taylor Pendrith,89.47%,76,68,5
132,4,Erik van Rooyen,89.47%,38,34,3
136,4,Stephan Jaeger,89.29%,56,50,1
136,4,Austin Smotherman,89.29%,56,50,38
138,4,Andrew Putnam,89.23%,65,58,6
139,4,Lee Hodges,89.19%,37,33,-
140,4,Rafael Campos,88.89%,27,24,2
141,4,Joel Dahmen,88.24%,51,45,-
141,4,Marco Penge,88.24%,51,45,2
143,4,Collin Morikawa,88.10%,42,37,11
144,4,Patrick Cantlay,87.76%,49,43,3
144,4,Max Greyserman,87.76%,49,43,1
146,4,Keegan Bradley,87.50%,64,56,5
146,4,Adam Schenk,87.50%,56,49,3
148,4,Michael Kim,87.14%,70,61,-
149,4,Thorbjørn Olesen,86.84%,38,33,3
150,4,Sepp Straka,86.76%,68,59,10
151,4,Justin Lower,86.49%,37,32,3
152,4,Corey Conners,86.27%,51,44,4
153,4,Hank Lebioda,86.21%,29,25,5
153,4,Dylan Wu,86.21%,29,25,5
155,4,Sam Stevens,85.71%,63,54,2
156,4,Andrew Novak,84.93%,73,62,5
157,4,Max McGreevy,84.62%,65,55,5
157,4,Jesper Svensson,84.62%,26,22,5
159,4,Luke Clanton,84.38%,32,27,5
160,4,Alejandro Tosti,83.87%,31,26,5
161,4,Brooks Koepka,83.78%,37,31,5
162,4,Lucas Glover,83.72%,43,36,6
163,4,Johnny Keefer,83.33%,54,45,4
164,4,John VanDerLaan,77.42%,31,24,5
1,3,Daniel Berger,100.00%,400,400,-
1,3,Jacob Bridgeman,100.00%,345,345,-
1,3,Ricky Castillo,100.00%,356,356,-
1,3,Eric Cole,100.00%,282,282,-
1,3,Pierceson Coody,100.00%,427,427,-
1,3,Joel Dahmen,100.00%,289,289,-
1,3,Cam Davis,100.00%,171,171,-
1,3,Jason Day,100.00%,307,307,-
1,3,Nick Dunlap,100.00%,135,135,-
1,3,Austin Eckroat,100.00%,236,236,-
1,3,Patrick Fishburn,100.00%,163,163,-
1,3,Matt Fitzpatrick,100.00%,325,325,-
1,3,David Ford,100.00%,263,263,-
1,3,Rickie Fowler,100.00%,388,388,-
1,3,Ryan Fox,100.00%,281,281,-
1,3,Max Greyserman,100.00%,269,269,-
1,3,Lee Hodges,100.00%,278,278,-
1,3,Nicolai Højgaard,100.00%,379,379,-
1,3,Viktor Hovland,100.00%,331,331,-
1,3,Stephan Jaeger,100.00%,332,332,-
1,3,Jeffrey Kang,100.00%,194,194,-
1,3,Michael Kim,100.00%,393,393,-
1,3,S.H. Kim,100.00%,280,280,-
1,3,Patton Kizzire,100.00%,228,228,-
1,3,Jake Knapp,100.00%,297,297,-
1,3,Christo Lamprecht,100.00%,170,170,-
1,3,Hank Lebioda,100.00%,257,257,-
1,3,Shane Lowry,100.00%,314,314,-
1,3,Robert MacIntyre,100.00%,316,316,-
1,3,Peter Malnati,100.00%,179,179,-
1,3,Mac Meissner,100.00%,295,295,-
1,3,Thorbjørn Olesen,100.00%,210,210,-
1,3,Marco Penge,100.00%,296,296,-
1,3,J.T. Poston,100.00%,388,388,-
1,3,Chad Ramey,100.00%,351,351,-
1,3,Patrick Rodgers,100.00%,498,498,-
1,3,Kevin Roy,100.00%,336,336,-
1,3,Sam Ryder,100.00%,203,203,-
1,3,Adrien Saddier,100.00%,240,240,-
1,3,Isaiah Salinda,100.00%,146,146,-
1,3,Gordon Sargent,100.00%,158,158,-
1,3,Neal Shipley,100.00%,169,169,-
1,3,Jimmy Stanger,100.00%,164,164,-
1,3,Sepp Straka,100.00%,327,327,-
1,3,Kevin Streelman,100.00%,138,138,-
1,3,Jesper Svensson,100.00%,134,134,-
1,3,Davis Thompson,100.00%,280,280,-
1,3,Sami Valimaki,100.00%,275,275,-
1,3,Erik van Rooyen,100.00%,211,211,-
1,3,Kris Ventura,100.00%,136,136,-
1,3,Vince Whaley,100.00%,257,257,-
52,3,Bud Cauley,99.78%,450,449,8
52,3,Ryo Hisatsune,99.78%,458,457,6
52,3,Sahith Theegala,99.78%,449,448,6
55,3,Matt McCarty,99.76%,422,421,54
56,3,Billy Horschel,99.75%,396,395,4
56,3,Kurt Kitayama,99.75%,405,404,8
56,3,Jordan Smith,99.75%,399,398,8
59,3,Tom Hoge,99.74%,387,386,7
59,3,Sudarshan Yellamaraju,99.74%,378,377,8
61,3,Harris English,99.73%,374,373,9
62,3,Andrew Putnam,99.71%,348,347,16
62,3,Austin Smotherman,99.71%,349,348,16
62,3,Jhonattan Vegas,99.71%,343,342,18
65,3,Steven Fisk,99.70%,331,330,2
65,3,Harry Hall,99.70%,336,335,15
65,3,John Parry,99.70%,332,331,2
68,3,Tommy Fleetwood,99.69%,322,321,19
68,3,Russell Henley,99.69%,326,325,19
68,3,Garrick Higgo,99.69%,325,324,2
68,3,Adam Schenk,99.69%,325,324,2
72,3,Zach Bauchou,99.68%,315,314,1
72,3,Akshay Bhatia,99.68%,309,308,19
72,3,Wyndham Clark,99.68%,316,315,1
72,3,Emiliano Grillo,99.68%,317,316,1
72,3,Takumi Kanaya,99.68%,316,315,1
72,3,Kristoffer Reitan,99.68%,309,308,23
72,3,Danny Walker,99.68%,316,315,1
79,3,Sam Burns,99.67%,299,298,17
79,3,Collin Morikawa,99.67%,299,298,17
81,3,Mark Hubbard,99.66%,290,289,1
81,3,William Mouw,99.66%,291,290,1
83,3,Michael Brennan,99.65%,284,283,2
83,3,A.J. Ewart,99.65%,285,284,2
83,3,Lucas Glover,99.65%,287,286,16
86,3,Christiaan Bezuidenhout,99.64%,281,280,1
86,3,Adrien Dumont de Chassart,99.64%,275,274,1
88,3,Chandler Blanchet,99.63%,270,269,14
88,3,Taylor Moore,99.63%,271,270,3
88,3,Matthieu Pavon,99.63%,267,266,3
88,3,Seamus Power,99.63%,267,266,3
92,3,Rasmus Højgaard,99.60%,250,249,4
93,3,Kensei Hirata,99.59%,243,242,6
94,3,Haotong Li,99.58%,239,238,7
95,3,Aaron Rai,99.55%,220,219,7
95,3,Nick Taylor,99.55%,447,445,35
95,3,Dylan Wu,99.55%,220,219,7
98,3,Denny McCarthy,99.54%,433,431,10
98,3,Justin Rose,99.54%,217,216,21
98,3,Jordan Spieth,99.54%,432,430,11
101,3,Dan Brown,99.53%,214,213,4
101,3,Brooks Koepka,99.53%,212,211,4
103,3,Andrew Novak,99.52%,414,412,40
103,3,Justin Thomas,99.52%,209,208,23
103,3,Michael Thorbjornsen,99.52%,417,415,7
106,3,Chris Gotterup,99.51%,411,409,4
106,3,David Lipsky,99.51%,206,205,105
106,3,Alex Smalley,99.51%,411,409,4
109,3,Brice Garnett,99.50%,200,199,2
110,3,Corey Conners,99.49%,393,391,6
111,3,Brian Harman,99.48%,387,385,10
111,3,Maverick McNealy,99.48%,382,380,10
113,3,Min Woo Lee,99.47%,375,373,11
113,3,Hideki Matsuyama,99.47%,379,377,10
115,3,Joe Highsmith,99.46%,372,370,5
116,3,Davis Riley,99.44%,180,179,1
117,3,Rafael Campos,99.43%,176,175,1
117,3,Beau Hossler,99.43%,176,175,1
119,3,Matti Schmid,99.42%,347,345,-
119,3,J.J. Spaun,99.42%,345,343,39
121,3,Cameron Young,99.41%,337,335,8
122,3,Adam Scott,99.40%,336,334,11
123,3,Luke Clanton,99.37%,159,158,4
123,3,Xander Schauffele,99.37%,318,316,4
125,3,Aldrich Potgieter,99.36%,314,312,11
125,3,Gary Woodland,99.36%,311,309,13
127,3,Si Woo Kim,99.34%,457,454,8
127,3,Justin Lower,99.34%,152,151,2
129,3,Brian Campbell,99.33%,300,298,13
129,3,Mackenzie Hughes,99.33%,299,297,2
131,3,Chris Kirk,99.32%,295,293,1
132,3,Patrick Cantlay,99.31%,289,287,1
132,3,Matt Wallace,99.31%,291,289,12
134,3,Ludvig Åberg,99.26%,272,270,2
134,3,Ryan Gerard,99.26%,405,402,12
134,3,Ben Griffin,99.26%,403,400,12
134,3,Keith Mitchell,99.26%,408,405,11
138,3,Chandler Phillips,99.25%,267,265,-
138,3,Karl Vilips,99.25%,265,263,-
140,3,Brandt Snedeker,99.23%,130,129,1
141,3,Max McGreevy,99.21%,378,375,2
142,3,Nico Echavarria,99.18%,365,362,8
143,3,Sungjae Im,99.14%,232,230,29
144,3,Doug Ghim,99.12%,226,224,4
144,3,Alex Noren,99.12%,339,336,11
144,3,John VanDerLaan,99.12%,226,224,4
147,3,Sam Stevens,99.10%,442,438,4
148,3,Max Homa,99.09%,329,326,9
149,3,Keegan Bradley,99.07%,322,319,9
150,3,Scottie Scheffler,99.06%,319,316,9
151,3,Zecheng Dou,99.00%,300,297,-
152,3,Davis Chatfield,98.97%,194,192,1
152,3,Rasmus Neergaard-Petersen,98.97%,194,192,1
154,3,Adam Svensson,98.96%,192,190,1
155,3,Johnny Keefer,98.83%,343,339,5
156,3,Tony Finau,98.80%,416,411,5
157,3,Rico Hoey,98.79%,413,408,5
158,3,Pontus Nyholm,98.50%,200,197,5
159,3,Tom Kim,98.30%,352,346,5
160,3,Jackson Suber,98.15%,162,159,5
161,3,Kevin Yu,97.67%,257,251,5
162,3,Taylor Pendrith,97.65%,383,374,6
162,3,Marcelo Rozo,97.65%,170,166,5
164,3,Alejandro Tosti,96.95%,197,191,5